<?xml version="1.0" encoding="utf-8"?>
<document id="5509776">
  <s id="1">
    <time id="T1S" value="00:01:24,879" />
    <w id="1.1">God</w>
    <w id="1.2">,</w>
    <w id="1.3">wees</w>
    <w id="1.4">ons</w>
    <w id="1.5">genadig</w>
    <w id="1.6">.</w>
    <time id="T1E" value="00:10:30,587" />
  </s>
  <s id="2">
    <time id="T2S" value="00:10:41,516" />
    <w id="2.1">Christus</w>
    <w id="2.2">,</w>
    <w id="2.3">wees</w>
    <w id="2.4">ons</w>
    <w id="2.5">genadig</w>
    <w id="2.6">.</w>
    <time id="T2E" value="00:15:54,806" />
  </s>
  <s id="3">
    <time id="T3S" value="00:15:59,906" />
    <w id="3.1">God</w>
    <w id="3.2">,</w>
    <w id="3.3">wees</w>
    <w id="3.4">ons</w>
    <w id="3.5">genadig</w>
    <w id="3.6">.</w>
    <time id="T3E" value="00:19:27,275" />
  </s>
  <s id="4">
    <time id="T4S" value="00:19:42,124" />
    <w id="4.1">Glorie</w>
    <w id="4.2">aan</w>
    <w id="4.3">God</w>
    <w id="4.4">in</w>
    <w id="4.5">die</w>
    <w id="4.6">hoogste</w>
    <w id="4.7">,</w>
    <time id="T4E" value="00:21:17,932" />
    <time id="T5S" value="00:21:19,389" />
    <w id="4.8">en</w>
    <w id="4.9">vrede</w>
    <w id="4.10">op</w>
    <w id="4.11">aarde</w>
    <w id="4.12">vir</w>
    <w id="4.13">al</w>
    <w id="4.14">U</w>
    <w id="4.15">kinders</w>
    <w id="4.16">.</w>
    <time id="T5E" value="00:25:59,370" />
  </s>
  <s id="5">
    <time id="T6S" value="00:26:15,194" />
    <w id="5.1">Ons</w>
    <w id="5.2">loof</w>
    <w id="5.3">U</w>
    <w id="5.4">,</w>
    <w id="5.5">ons</w>
    <w id="5.6">prys</w>
    <w id="5.7">U</w>
    <time id="T6E" value="00:27:26,959" />
    <time id="T7S" value="00:27:27,698" />
    <w id="5.8">ons</w>
    <w id="5.9">aanbid</w>
    <w id="5.10">U</w>
    <w id="5.11">,</w>
    <w id="5.12">ons</w>
    <w id="5.13">verheerlik</w>
    <w id="5.14">U.</w>
    <time id="T7E" value="00:27:42,382" />
  </s>
  <s id="6">
    <time id="T8S" value="00:27:43,352" />
    <w id="6.1">Ons</w>
    <w id="6.2">loof</w>
    <w id="6.3">U</w>
    <w id="6.4">,</w>
    <w id="6.5">ons</w>
    <w id="6.6">prys</w>
    <w id="6.7">U</w>
    <w id="6.8">,</w>
    <w id="6.9">ons</w>
    <w id="6.10">aanbid</w>
    <w id="6.11">U</w>
    <w id="6.12">,</w>
    <w id="6.13">ons</w>
    <w id="6.14">verheerlik</w>
    <w id="6.15">U.</w>
    <time id="T8E" value="00:30:23,276" />
  </s>
  <s id="7">
    <time id="T9S" value="00:30:38,212" />
    <w id="7.1">Ons</w>
    <w id="7.2">dank</w>
    <w id="7.3">U</w>
    <w id="7.4">vir</w>
    <w id="7.5">U</w>
    <w id="7.6">groot</w>
    <w id="7.7">glorie</w>
    <w id="7.8">,</w>
    <time id="T9E" value="00:30:56,062" />
  </s>
  <s id="8">
    <time id="T10S" value="00:30:56,801" />
    <w id="8.1">Here</w>
    <w id="8.2">God</w>
    <w id="8.3">,</w>
    <w id="8.4">hemelse</w>
    <w id="8.5">Koning</w>
    <w id="8.6">,</w>
    <time id="T10E" value="00:33:42,080" />
  </s>
  <s id="9">
    <time id="T11S" value="00:34:02,215" />
    <w id="9.1">God</w>
    <w id="9.2">die</w>
    <w id="9.3">Vader</w>
    <w id="9.4">Almagtig</w>
    <w id="9.5">.</w>
  </s>
  <s id="10">
    <w id="10.1">Heer</w>
    <w id="10.2">,</w>
    <w id="10.3">eniggebore</w>
    <w id="10.4">Seun</w>
    <w id="10.5">,</w>
    <w id="10.6">Jesus</w>
    <w id="10.7">Christus</w>
    <time id="T11E" value="00:34:59,408" />
  </s>
  <s id="11">
    <time id="T12S" value="00:35:21,266" />
    <w id="11.1">God</w>
    <w id="11.2">die</w>
    <w id="11.3">Vader</w>
    <w id="11.4">Almagtig</w>
    <w id="11.5">.</w>
  </s>
  <s id="12">
    <w id="12.1">Heer</w>
    <w id="12.2">,</w>
    <w id="12.3">eniggebore</w>
    <w id="12.4">Seun</w>
    <w id="12.5">,</w>
    <w id="12.6">Jesus</w>
    <w id="12.7">Christus</w>
    <time id="T12E" value="00:38:20,497" />
  </s>
  <s id="13">
    <time id="T13S" value="00:38:21,590" />
    <w id="13.1">Here</w>
    <w id="13.2">God</w>
    <w id="13.3">,</w>
    <w id="13.4">Lam</w>
    <w id="13.5">van</w>
    <w id="13.6">God</w>
    <w id="13.7">,</w>
    <w id="13.8">Seun</w>
    <w id="13.9">van</w>
    <w id="13.10">die</w>
    <w id="13.11">Vader</w>
    <w id="13.12">.</w>
    <time id="T13E" value="00:39:47,198" />
  </s>
  <s id="14">
    <time id="T14S" value="00:39:47,563" />
    <w id="14.1">U</w>
    <w id="14.2">wat</w>
    <w id="14.3">die</w>
    <w id="14.4">sonde</w>
    <w id="14.5">van</w>
    <w id="14.6">die</w>
    <w id="14.7">wêreld</w>
    <w id="14.8">wegneem</w>
    <w id="14.9">,</w>
    <time id="T14E" value="00:40:04,320" />
    <time id="T15S" value="00:40:05,059" />
    <w id="14.10">wees</w>
    <w id="14.11">ons</w>
    <w id="14.12">genadig</w>
    <w id="14.13">.</w>
    <time id="T15E" value="00:41:27,014" />
  </s>
  <s id="15">
    <time id="T16S" value="00:41:28,117" />
    <w id="15.1">U</w>
    <w id="15.2">wat</w>
    <w id="15.3">die</w>
    <w id="15.4">sonde</w>
    <w id="15.5">van</w>
    <w id="15.6">die</w>
    <w id="15.7">wêreld</w>
    <w id="15.8">wegneem</w>
    <w id="15.9">,</w>
    <time id="T16E" value="00:41:41,950" />
    <time id="T17S" value="00:41:42,314" />
    <w id="15.10">verhoor</w>
    <w id="15.11">ons</w>
    <w id="15.12">gebed</w>
    <w id="15.13">.</w>
    <time id="T17E" value="00:43:02,823" />
  </s>
  <s id="16">
    <time id="T18S" value="00:43:09,052" />
    <w id="16.1">U</w>
    <w id="16.2">wat</w>
    <w id="16.3">aan</w>
    <w id="16.4">die</w>
    <w id="16.5">Vader</w>
    <w id="16.6">se</w>
    <w id="16.7">regterhand</w>
    <w id="16.8">sit</w>
    <w id="16.9">,</w>
    <time id="T18E" value="00:44:27,702" />
    <time id="T19S" value="00:44:29,159" />
    <w id="16.10">wees</w>
    <w id="16.11">ons</w>
    <w id="16.12">genadig</w>
    <w id="16.13">.</w>
    <time id="T19E" value="00:45:02,674" />
  </s>
  <s id="17">
    <time id="T20S" value="00:45:04,496" />
    <w id="17.1">U</w>
    <w id="17.2">wat</w>
    <w id="17.3">aan</w>
    <w id="17.4">die</w>
    <w id="17.5">Vader</w>
    <w id="17.6">se</w>
    <w id="17.7">regterhand</w>
    <w id="17.8">sit</w>
    <w id="17.9">,</w>
    <w id="17.10">wees</w>
    <w id="17.11">ons</w>
    <w id="17.12">genadig</w>
    <w id="17.13">.</w>
    <time id="T20E" value="00:47:28,391" />
  </s>
  <s id="18">
    <time id="T21S" value="00:47:43,430" />
    <w id="18.1">Want</w>
    <w id="18.2">U</w>
    <w id="18.3">alleen</w>
    <w id="18.4">is</w>
    <w id="18.5">heilig</w>
    <w id="18.6">,</w>
    <time id="T21E" value="00:48:17,934" />
  </s>
  <s id="19">
    <time id="T22S" value="00:48:19,756" />
    <w id="19.1">U</w>
    <w id="19.2">alleen</w>
    <w id="19.3">is</w>
    <w id="19.4">heilig</w>
    <w id="19.5">,</w>
    <w id="19.6">U</w>
    <w id="19.7">alleen</w>
    <w id="19.8">is</w>
    <w id="19.9">Here</w>
    <w id="19.10">.</w>
    <time id="T22E" value="00:49:31,885" />
  </s>
  <s id="20">
    <time id="T23S" value="00:49:32,250" />
    <w id="20.1">U</w>
    <w id="20.2">alleen</w>
    <w id="20.3">is</w>
    <w id="20.4">die</w>
    <w id="20.5">Allerhoogste</w>
    <w id="20.6">,</w>
    <w id="20.7">Jesus</w>
    <w id="20.8">Christus</w>
    <w id="20.9">.</w>
    <time id="T23E" value="00:50:47,388" />
  </s>
  <s id="21">
    <time id="T24S" value="00:50:49,337" />
    <w id="21.1">Want</w>
    <w id="21.2">U</w>
    <w id="21.3">alleen</w>
    <w id="21.4">is</w>
    <w id="21.5">heilig</w>
    <w id="21.6">,</w>
    <w id="21.7">U</w>
    <w id="21.8">alleen</w>
    <w id="21.9">is</w>
    <w id="21.10">Here</w>
    <w id="21.11">.</w>
    <time id="T24E" value="00:51:17,165" />
  </s>
  <s id="22">
    <time id="T25S" value="00:51:18,188" />
    <w id="22.1">U</w>
    <w id="22.2">alleen</w>
    <w id="22.3">is</w>
    <w id="22.4">die</w>
    <w id="22.5">Allerhoogste</w>
    <w id="22.6">,</w>
    <w id="22.7">Jesus</w>
    <w id="22.8">Christus</w>
    <w id="22.9">.</w>
    <time id="T25E" value="00:52:06,895" />
  </s>
  <s id="23">
    <time id="T26S" value="00:52:16,181" />
    <w id="23.1">Met</w>
    <w id="23.2">die</w>
    <w id="23.3">Heilige</w>
    <w id="23.4">Gees</w>
    <w id="23.5">in</w>
    <w id="23.6">die</w>
    <w id="23.7">glorie</w>
    <w id="23.8">van</w>
    <w id="23.9">die</w>
    <w id="23.10">Vader</w>
    <w id="23.11">,</w>
    <w id="23.12">Amen</w>
    <w id="23.13">.</w>
    <time id="T26E" value="00:53:05,136" />
  </s>
  <s id="24">
    <time id="T27S" value="00:53:13,010" />
    <w id="24.1">Met</w>
    <w id="24.2">die</w>
    <w id="24.3">Heilige</w>
    <w id="24.4">Gees</w>
    <w id="24.5">in</w>
    <w id="24.6">die</w>
    <w id="24.7">glorie</w>
    <w id="24.8">van</w>
    <w id="24.9">die</w>
    <w id="24.10">Vader</w>
    <w id="24.11">,</w>
    <w id="24.12">Amen</w>
    <w id="24.13">.</w>
    <time id="T27E" value="00:55:31,076" />
  </s>
  <s id="25">
    <time id="T28S" value="00:55:47,469" />
    <w id="25.1">Ons</w>
    <w id="25.2">glo</w>
    <w id="25.3">in</w>
    <w id="25.4">een</w>
    <w id="25.5">God</w>
    <w id="25.6">,</w>
    <time id="T28E" value="00:57:48,050" />
    <time id="T29S" value="00:57:48,060" />
    <w id="25.7">die</w>
    <w id="25.8">Vader</w>
    <w id="25.9">,</w>
    <w id="25.10">die</w>
    <w id="25.11">Almagtige</w>
    <time id="T29E" value="00:58:00,800" />
  </s>
  <s id="26">
    <time id="T30S" value="00:58:00,810" />
    <w id="26.1">Skepper</w>
    <w id="26.2">van</w>
    <w id="26.3">hemel</w>
    <w id="26.4">en</w>
    <w id="26.5">aarde</w>
    <w id="26.6">,</w>
    <w id="26.7">alles</w>
    <w id="26.8">sigbaar</w>
    <w id="26.9">en</w>
    <w id="26.10">onsigbaar</w>
    <w id="26.11">.</w>
    <time id="T30E" value="00:59:28,862" />
  </s>
  <s id="27">
    <time id="T31S" value="00:59:40,944" />
    <w id="27.1">En</w>
    <w id="27.2">in</w>
    <w id="27.3">een</w>
    <w id="27.4">Here</w>
    <w id="27.5">,</w>
    <w id="27.6">Jesus</w>
    <w id="27.7">Christus</w>
    <w id="27.8">,</w>
    <time id="T31E" value="01:00:12,441" />
    <time id="T32S" value="01:00:14,495" />
    <w id="27.9">die</w>
    <w id="27.10">Seun</w>
    <w id="27.11">van</w>
    <w id="27.12">God</w>
    <w id="27.13">,</w>
    <w id="27.14">ewig</w>
    <w id="27.15">en</w>
    <w id="27.16">uit</w>
    <w id="27.17">die</w>
    <time id="T32E" value="01:00:40,873" />
  </s>
  <s id="28">
    <time id="T33S" value="01:00:42,181" />
    <w id="28.1">Vader</w>
    <w id="28.2">gebore</w>
    <w id="28.3">,</w>
    <w id="28.4">God</w>
    <w id="28.5">uit</w>
    <w id="28.6">God</w>
    <w id="28.7">,</w>
    <w id="28.8">lig</w>
    <w id="28.9">uit</w>
    <w id="28.10">lig</w>
    <w id="28.11">,</w>
    <time id="T33E" value="01:01:41,916" />
    <time id="T34S" value="01:01:42,653" />
    <w id="28.12">ware</w>
    <w id="28.13">God</w>
    <w id="28.14">uit</w>
    <w id="28.15">ware</w>
    <w id="28.16">God</w>
    <w id="28.17">,</w>
    <w id="28.18">gebore</w>
    <w id="28.19">,</w>
    <time id="T34E" value="01:02:28,326" />
  </s>
  <s id="29">
    <time id="T35S" value="01:02:29,581" />
    <w id="29.1">een</w>
    <w id="29.2">in</w>
    <w id="29.3">wese</w>
    <w id="29.4">met</w>
    <w id="29.5">die</w>
    <w id="29.6">Vader</w>
    <w id="29.7">;</w>
    <time id="T35E" value="01:03:05,538" />
  </s>
  <s id="30">
    <time id="T36S" value="01:03:06,792" />
    <w id="30.1">deur</w>
    <w id="30.2">wie</w>
    <w id="30.3">alles</w>
    <w id="30.4">tot</w>
    <w id="30.5">stand</w>
    <w id="30.6">gekom</w>
    <w id="30.7">het</w>
    <w id="30.8">.</w>
    <time id="T36E" value="01:03:30,473" />
  </s>
  <s id="31">
    <time id="T37S" value="01:03:31,460" />
    <w id="31.1">Hy</w>
    <w id="31.2">het</w>
    <w id="31.3">ter</w>
    <w id="31.4">wille</w>
    <w id="31.5">van</w>
    <w id="31.6">ons</w>
    <w id="31.7">en</w>
    <w id="31.8">ons</w>
    <w id="31.9">saligheid</w>
    <w id="31.10">uit</w>
    <w id="31.11">die</w>
    <w id="31.12">hemel</w>
    <w id="31.13">neergedaal</w>
    <w id="31.14">.</w>
    <time id="T37E" value="01:04:11,814" />
  </s>
  <s id="32">
    <time id="T38S" value="01:04:25,855" />
    <w id="32.1">En</w>
    <w id="32.2">deur</w>
    <w id="32.3">die</w>
    <w id="32.4">Heilige</w>
    <w id="32.5">Gees</w>
    <w id="32.6">uit</w>
    <w id="32.7">die</w>
    <time id="T38E" value="01:05:20,586" />
    <time id="T39S" value="01:05:21,840" />
    <w id="32.8">maagd</w>
    <w id="32.9">Maria</w>
    <w id="32.10">,</w>
    <w id="32.11">vlees</w>
    <w id="32.12">geword</w>
    <w id="32.13">;</w>
    <time id="T39E" value="01:07:22,901" />
  </s>
  <s id="33">
    <time id="T40S" value="01:07:23,928" />
    <w id="33.1">Hy</w>
    <w id="33.2">het</w>
    <w id="33.3">mens</w>
    <w id="33.4">geword</w>
    <w id="33.5">.</w>
    <time id="T40E" value="01:08:03,337" />
  </s>
  <s id="34">
    <time id="T41S" value="01:08:08,388" />
    <w id="34.1">Onder</w>
    <w id="34.2">Pontius</w>
    <w id="34.3">Pilatus</w>
    <w id="34.4">is</w>
    <w id="34.5">Hy</w>
    <w id="34.6">vir</w>
    <w id="34.7">ons</w>
    <time id="T41E" value="01:10:06,989" />
    <time id="T42S" value="01:10:09,207" />
    <w id="34.8">gekruisig</w>
    <w id="34.9">;</w>
  </s>
  <s id="35">
    <w id="35.1">Hy</w>
    <w id="35.2">het</w>
    <w id="35.3">gely</w>
    <w id="35.4">en</w>
    <w id="35.5">is</w>
    <w id="35.6">begrawe</w>
    <w id="35.7">.</w>
    <time id="T42E" value="01:12:03,223" />
  </s>
  <s id="36">
    <time id="T43S" value="01:12:05,313" />
    <w id="36.1">Op</w>
    <w id="36.2">die</w>
    <w id="36.3">derde</w>
    <w id="36.4">dag</w>
    <w id="36.5">het</w>
    <w id="36.6">Hy</w>
    <w id="36.7">opgestaan</w>
    <time id="T43E" value="01:12:42,107" />
    <time id="T44S" value="01:12:42,943" />
    <w id="36.8">volgens</w>
    <w id="36.9">die</w>
    <w id="36.10">Skrifte</w>
    <w id="36.11">,</w>
    <time id="T44E" value="01:12:58,831" />
  </s>
  <s id="37">
    <time id="T45S" value="01:13:00,085" />
    <w id="37.1">en</w>
    <w id="37.2">opgevaar</w>
    <w id="37.3">na</w>
    <w id="37.4">die</w>
    <w id="37.5">hemel</w>
    <w id="37.6">.</w>
    <time id="T45E" value="01:13:26,426" />
  </s>
  <s id="38">
    <time id="T46S" value="01:13:27,680" />
    <w id="38.1">Hy</w>
    <w id="38.2">sit</w>
    <w id="38.3">aan</w>
    <w id="38.4">die</w>
    <w id="38.5">regterhand</w>
    <w id="38.6">van</w>
    <w id="38.7">die</w>
    <w id="38.8">Vader</w>
    <w id="38.9">,</w>
    <time id="T46E" value="01:13:50,676" />
    <time id="T47S" value="01:13:52,140" />
    <w id="38.10">en</w>
    <w id="38.11">Hy</w>
    <w id="38.12">sal</w>
    <w id="38.13">met</w>
    <w id="38.14">heerlikheid</w>
    <w id="38.15">kom</w>
    <w id="38.16">.</w>
    <time id="T47E" value="01:14:08,237" />
  </s>
  <s id="39">
    <time id="T48S" value="01:14:09,073" />
    <w id="39.1">om</w>
    <w id="39.2">die</w>
    <w id="39.3">lewendes</w>
    <w id="39.4">en</w>
    <w id="39.5">dooies</w>
    <w id="39.6">te</w>
    <w id="39.7">oordeel</w>
    <w id="39.8">.</w>
    <time id="T48E" value="01:14:19,650" />
  </s>
  <s id="40">
    <time id="T49S" value="01:14:19,895" />
    <w id="40.1">Aan</w>
    <w id="40.2">sy</w>
    <w id="40.3">koningskap</w>
    <w id="40.4">is</w>
    <w id="40.5">daar</w>
    <w id="40.6">geen</w>
    <w id="40.7">einde</w>
    <w id="40.8">nie</w>
    <w id="40.9">.</w>
    <time id="T49E" value="01:15:36,201" />
  </s>
  <s id="41">
    <time id="T50S" value="01:15:52,594" />
    <w id="41.1">Ons</w>
    <w id="41.2">glo</w>
    <w id="41.3">in</w>
    <w id="41.4">die</w>
    <w id="41.5">Heilige</w>
    <w id="41.6">Gees</w>
    <w id="41.7">,</w>
    <w id="41.8">wat</w>
    <w id="41.9">God</w>
    <w id="41.10">is</w>
    <time id="T50E" value="01:16:31,229" />
    <time id="T51S" value="01:16:32,065" />
    <w id="41.11">en</w>
    <w id="41.12">lewend</w>
    <w id="41.13">maak</w>
    <w id="41.14">,</w>
    <time id="T51E" value="01:17:05,514" />
    <time id="T52S" value="01:17:06,323" />
    <w id="41.15">en</w>
    <w id="41.16">van</w>
    <w id="41.17">die</w>
    <w id="41.18">Vader</w>
    <w id="41.19">en</w>
    <w id="41.20">Seun</w>
    <w id="41.21">uitgaan</w>
    <w id="41.22">,</w>
    <w id="41.23">en</w>
    <time id="T52E" value="01:17:54,850" />
  </s>
  <s id="42">
    <time id="T53S" value="01:17:56,523" />
    <w id="42.1">saam</w>
    <w id="42.2">aanbid</w>
    <w id="42.3">en</w>
    <w id="42.4">verheerlik</w>
    <w id="42.5">word</w>
    <w id="42.6">.</w>
    <time id="T53E" value="01:18:36,661" />
  </s>
  <s id="43">
    <time id="T54S" value="01:18:37,207" />
    <w id="43.1">Hy</w>
    <w id="43.2">het</w>
    <w id="43.3">deur</w>
    <w id="43.4">die</w>
    <w id="43.5">profete</w>
    <w id="43.6">gespreek</w>
    <w id="43.7">.</w>
    <time id="T54E" value="01:19:06,711" />
  </s>
  <s id="44">
    <time id="T55S" value="01:19:17,218" />
    <w id="44.1">Ons</w>
    <w id="44.2">glo</w>
    <w id="44.3">aan</w>
    <w id="44.4">een</w>
    <w id="44.5">,</w>
    <w id="44.6">heilige</w>
    <w id="44.7">,</w>
    <w id="44.8">algemene</w>
    <w id="44.9">en</w>
    <w id="44.10">apostoliese</w>
    <w id="44.11">kerk</w>
    <w id="44.12">.</w>
    <time id="T55E" value="01:20:58,461" />
  </s>
  <s id="45">
    <time id="T56S" value="01:21:09,688" />
    <w id="45.1">Ons</w>
    <w id="45.2">bely</w>
    <w id="45.3">een</w>
    <w id="45.4">doop</w>
    <time id="T56E" value="01:21:29,757" />
    <time id="T57S" value="01:21:30,176" />
    <w id="45.5">tot</w>
    <w id="45.6">vergifnis</w>
    <w id="45.7">van</w>
    <w id="45.8">sondes</w>
    <w id="45.9">.</w>
    <time id="T57E" value="01:23:51,077" />
  </s>
  <s id="46">
    <time id="T58S" value="01:23:51,834" />
    <w id="46.1">Ons</w>
    <w id="46.2">verwag</w>
    <w id="46.3">die</w>
    <w id="46.4">opstanding</w>
    <w id="46.5">van</w>
    <w id="46.6">die</w>
    <w id="46.7">dooies</w>
    <w id="46.8">,</w>
    <time id="T58E" value="01:26:52,536" />
    <time id="T59S" value="01:26:54,208" />
    <w id="46.9">en</w>
    <w id="46.10">die</w>
    <w id="46.11">ewige</w>
    <w id="46.12">lewe</w>
    <w id="46.13">.</w>
  </s>
  <s id="47">
    <w id="47.1">Amen</w>
    <w id="47.2">.</w>
    <time id="T59E" value="01:27:42,511" />
  </s>
  <s id="48">
    <time id="T60S" value="01:27:54,556" />
    <w id="48.1">Heilig</w>
    <w id="48.2">,</w>
    <w id="48.3">heilig</w>
    <w id="48.4">,</w>
    <w id="48.5">heilig</w>
    <w id="48.6">,</w>
    <time id="T60E" value="01:28:12,394" />
  </s>
  <s id="49">
    <time id="T61S" value="01:28:13,648" />
    <w id="49.1">Heilig</w>
    <w id="49.2">,</w>
    <w id="49.3">God</w>
    <w id="49.4">van</w>
    <w id="49.5">die</w>
    <w id="49.6">Lëerskare</w>
    <w id="49.7">.</w>
    <time id="T61E" value="01:31:12,180" />
  </s>
  <s id="50">
    <time id="T62S" value="01:31:13,434" />
    <w id="50.1">Die</w>
    <w id="50.2">Hemel</w>
    <w id="50.3">en</w>
    <w id="50.4">aarde</w>
    <w id="50.5">is</w>
    <w id="50.6">vol</w>
    <w id="50.7">van</w>
    <w id="50.8">U</w>
    <w id="50.9">glorie</w>
    <w id="50.10">.</w>
    <time id="T62E" value="01:33:16,776" />
  </s>
  <s id="51">
    <time id="T63S" value="01:33:17,943" />
    <w id="51.1">Hosanna</w>
    <w id="51.2">in</w>
    <w id="51.3">die</w>
    <w id="51.4">hoogste</w>
    <w id="51.5">!</w>
    <time id="T63E" value="01:35:43,211" />
  </s>
  <s id="52">
    <time id="T64S" value="01:35:52,701" />
    <w id="52.1">Gesëend</w>
    <w id="52.2">,</w>
    <w id="52.3">hy</w>
    <w id="52.4">wat</w>
    <w id="52.5">kom</w>
    <w id="52.6">in</w>
    <w id="52.7">die</w>
    <w id="52.8">Naam</w>
    <w id="52.9">van</w>
    <w id="52.10">die</w>
    <w id="52.11">Here</w>
    <w id="52.12">.</w>
    <time id="T64E" value="01:40:26,171" />
  </s>
  <s id="53">
    <time id="T65S" value="01:40:27,543" />
    <w id="53.1">Hosanna</w>
    <w id="53.2">in</w>
    <w id="53.3">die</w>
    <w id="53.4">hoogste</w>
    <w id="53.5">!</w>
    <time id="T65E" value="01:42:47,336" />
  </s>
  <s id="54">
    <time id="T66S" value="01:42:58,362" />
    <w id="54.1">Lam</w>
    <w id="54.2">van</w>
    <w id="54.3">God</w>
    <w id="54.4">,</w>
    <w id="54.5">wat</w>
    <w id="54.6">die</w>
    <w id="54.7">sonde</w>
    <w id="54.8">van</w>
    <w id="54.9">die</w>
    <w id="54.10">wêreld</w>
    <time id="T66E" value="01:44:34,945" />
    <time id="T67S" value="01:44:36,199" />
    <w id="54.11">wegneem</w>
    <w id="54.12">,</w>
    <w id="54.13">wees</w>
    <w id="54.14">ons</w>
    <w id="54.15">genadig</w>
    <w id="54.16">.</w>
    <time id="T67E" value="01:45:52,295" />
  </s>
  <s id="55">
    <time id="T68S" value="01:45:54,385" />
    <w id="55.1">Lam</w>
    <w id="55.2">van</w>
    <w id="55.3">God</w>
    <w id="55.4">,</w>
    <w id="55.5">wat</w>
    <w id="55.6">die</w>
    <w id="55.7">sonde</w>
    <w id="55.8">van</w>
    <w id="55.9">die</w>
    <w id="55.10">wêreld</w>
    <w id="55.11">wegneem</w>
    <w id="55.12">,</w>
    <w id="55.13">wees</w>
    <w id="55.14">ons</w>
    <w id="55.15">genadig</w>
    <w id="55.16">.</w>
    <time id="T68E" value="01:48:58,770" />
  </s>
  <s id="56">
    <time id="T69S" value="01:49:13,502" />
    <w id="56.1">Gee</w>
    <w id="56.2">aan</w>
    <w id="56.3">ons</w>
    <w id="56.4">vrede</w>
    <w id="56.5">.</w>
    <time id="T69E" value="01:52:40,455" />
  </s>
  <meta>
    <subtitle>
      <cds>1/1</cds>
      <blocks>69</blocks>
      <date>2014-01-24</date>
      <language>Afrikaans</language>
      <confidence>1.0</confidence>
      <duration>01:52:40,455</duration>
    </subtitle>
    <conversion>
      <unknown_words>0</unknown_words>
      <encoding>utf-8</encoding>
      <truecased_words>0</truecased_words>
      <tokens>561</tokens>
      <sentences>56</sentences>
      <ignored_blocks>0</ignored_blocks>
      <corrected_words>0</corrected_words>
    </conversion>
    <source>
    </source>
  </meta>
</document>
