<?xml version="1.0" encoding="utf-8"?>
<document id="5807689">
  <s id="1">
    <time id="T1S" value="00:00:20,000" />
    <w id="1.1">'</w>
    <w id="1.2">n</w>
    <w id="1.3">Duitse</w>
    <w id="1.4">sage</w>
    <time id="T1E" value="00:00:23,801" />
  </s>
  <s id="2">
    <time id="T2S" value="00:01:10,498" />
    <w id="2.1">Kyk</w>
    <w id="2.2">!</w>
    <time id="T2E" value="00:01:14,582" />
  </s>
  <s id="3">
    <time id="T3S" value="00:01:14,669" />
    <w id="3.1">Die</w>
    <w id="3.2">poorte</w>
    <w id="3.3">van</w>
    <w id="3.4">duisternis</w>
    <w id="3.5">is</w>
    <w id="3.6">oop</w>
    <w id="3.7">,</w>
    <w id="3.8">en</w>
    <w id="3.9">die</w>
    <w id="3.10">verskrikking</w>
    <w id="3.11">jaag</w>
    <w id="3.12">oor</w>
    <w id="3.13">die</w>
    <w id="3.14">aarde</w>
    <w id="3.15">...</w>
    <time id="T3E" value="00:01:25,448" />
  </s>
  <s id="4">
    <time id="T4S" value="00:02:07,942" />
    <w id="4.1">Stop</w>
    <w id="4.2">!</w>
  </s>
  <s id="5">
    <w id="5.1">waarom</w>
    <w id="5.2">treiter</w>
    <w id="5.3">jy</w>
    <w id="5.4">die</w>
    <w id="5.5">mensheid</w>
    <w id="5.6">met</w>
    <w id="5.7">oorlog</w>
    <w id="5.8">,</w>
    <w id="5.9">pes</w>
    <w id="5.10">,</w>
    <w id="5.11">hongersnood</w>
    <w id="5.12">?</w>
  </s>
  <s id="6">
    <w id="6.1">!</w>
    <time id="T4E" value="00:02:17,142" />
  </s>
  <s id="7">
    <time id="T5S" value="00:02:18,669" />
    <w id="7.1">Die</w>
    <w id="7.2">aarde</w>
    <w id="7.3">is</w>
    <w id="7.4">myne</w>
    <w id="7.5">!</w>
    <time id="T5E" value="00:02:21,135" />
  </s>
  <s id="8">
    <time id="T6S" value="00:02:25,145" />
    <w id="8.1">Nooit</w>
    <w id="8.2">sal</w>
    <w id="8.3">die</w>
    <w id="8.4">aarde</w>
    <w id="8.5">joune</w>
    <w id="8.6">wees</w>
    <w id="8.7">:</w>
  </s>
  <s id="9">
    <w id="9.1">Die</w>
    <w id="9.2">mens</w>
    <w id="9.3">streef</w>
    <w id="9.4">na</w>
    <w id="9.5">die</w>
    <w id="9.6">waarheid</w>
    <w id="9.7">!</w>
    <time id="T6E" value="00:02:33,736" />
  </s>
  <s id="10">
    <time id="T7S" value="00:02:34,869" />
    <w id="10.1">Kyk</w>
    <w id="10.2">na</w>
    <w id="10.3">daar</w>
    <w id="10.4">onder</w>
    <w id="10.5">!</w>
    <time id="T7E" value="00:02:38,314" />
  </s>
  <s id="11">
    <time id="T8S" value="00:02:59,631" />
    <w id="11.1">Alles</w>
    <w id="11.2">in</w>
    <w id="11.3">die</w>
    <w id="11.4">hemel</w>
    <w id="11.5">en</w>
    <w id="11.6">op</w>
    <w id="11.7">aarde</w>
    <time id="T8E" value="00:03:03,437" />
    <time id="T9S" value="00:03:03,604" />
    <w id="11.8">is</w>
    <w id="11.9">wonderlik</w>
    <w id="11.10">!</w>
    <time id="T9E" value="00:03:05,665" />
  </s>
  <s id="12">
    <time id="T10S" value="00:03:05,864" />
    <w id="12.1">maar</w>
    <w id="12.2">die</w>
    <w id="12.3">grootste</w>
    <w id="12.4">wonder</w>
    <time id="T10E" value="00:03:08,889" />
    <time id="T11S" value="00:03:09,001" />
    <w id="12.5">is</w>
    <w id="12.6">die</w>
    <w id="12.7">mens</w>
    <w id="12.8">se</w>
    <w id="12.9">vryheid</w>
    <w id="12.10">om</w>
    <w id="12.11">te</w>
    <w id="12.12">kies</w>
    <time id="T11E" value="00:03:12,008" />
    <time id="T12S" value="00:03:12,171" />
    <w id="12.13">tussen</w>
    <w id="12.14">goed</w>
    <w id="12.15">en</w>
    <w id="12.16">kwaad</w>
    <w id="12.17">!</w>
    <time id="T12E" value="00:03:17,792" />
  </s>
  <s id="13">
    <time id="T13S" value="00:03:32,413" />
    <w id="13.1">Sien</w>
    <w id="13.2">jy</w>
    <w id="13.3">vir</w>
    <w id="13.4">Faust</w>
    <w id="13.5">?</w>
    <time id="T13E" value="00:03:35,493" />
  </s>
  <s id="14">
    <time id="T14S" value="00:03:38,208" />
    <w id="14.1">'</w>
    <w id="14.2">n</w>
    <w id="14.3">Skelm</w>
    <w id="14.4">soos</w>
    <w id="14.5">almal</w>
    <w id="14.6">!</w>
  </s>
  <s id="15">
    <w id="15.1">Hy</w>
    <w id="15.2">praat</w>
    <w id="15.3">van</w>
    <w id="15.4">die</w>
    <w id="15.5">goeie</w>
    <w id="15.6">,</w>
    <w id="15.7">maar</w>
    <w id="15.8">doen</w>
    <w id="15.9">die</w>
    <w id="15.10">bose</w>
    <w id="15.11">!</w>
    <time id="T14E" value="00:03:43,819" />
  </s>
  <s id="16">
    <time id="T15S" value="00:03:44,162" />
    <w id="16.1">Hy</w>
    <w id="16.2">wil</w>
    <w id="16.3">goud</w>
    <w id="16.4">maak</w>
    <w id="16.5">en</w>
    <w id="16.6">'</w>
    <w id="16.7">n</w>
    <w id="16.8">wysheidsteen</w>
    <w id="16.9">!</w>
    <time id="T15E" value="00:03:48,912" />
  </s>
  <s id="17">
    <time id="T16S" value="00:03:49,015" />
    <w id="17.1">Kyk</w>
    <w id="17.2">na</w>
    <w id="17.3">sy</w>
    <w id="17.4">gierigheid</w>
    <w id="17.5">!</w>
    <time id="T16E" value="00:03:50,897" />
  </s>
  <s id="18">
    <time id="T17S" value="00:04:56,865" />
    <w id="18.1">Ek</w>
    <w id="18.2">wed</w>
    <w id="18.3">jou</w>
    <w id="18.4">:</w>
  </s>
  <s id="19">
    <w id="19.1">Ek</w>
    <w id="19.2">sal</w>
    <w id="19.3">Faust</w>
    <w id="19.4">se</w>
    <w id="19.5">siel</w>
    <w id="19.6">van</w>
    <w id="19.7">God</w>
    <w id="19.8">afrokkel</w>
    <w id="19.9">!</w>
    <time id="T17E" value="00:05:05,880" />
  </s>
  <s id="20">
    <time id="T18S" value="00:05:11,100" />
    <w id="20.1">As</w>
    <w id="20.2">jy</w>
    <w id="20.3">die</w>
    <w id="20.4">heilige</w>
    <w id="20.5">in</w>
    <w id="20.6">Faust</w>
    <w id="20.7">kan</w>
    <time id="T18E" value="00:05:16,029" />
    <time id="T19S" value="00:05:16,181" />
    <w id="20.8">verwoes</w>
    <w id="20.9">,</w>
    <w id="20.10">is</w>
    <w id="20.11">die</w>
    <w id="20.12">aarde</w>
    <w id="20.13">joune</w>
    <w id="20.14">!</w>
    <time id="T19E" value="00:05:20,833" />
  </s>
  <s id="21">
    <time id="T20S" value="00:05:26,539" />
    <w id="21.1">Geen</w>
    <w id="21.2">mens</w>
    <w id="21.3">kan</w>
    <w id="21.4">die</w>
    <w id="21.5">Bose</w>
    <w id="21.6">weerstaan</w>
    <w id="21.7">!</w>
  </s>
  <s id="22">
    <w id="22.1">Die</w>
    <w id="22.2">weddenskap</w>
    <w id="22.3">is</w>
    <w id="22.4">aan</w>
    <w id="22.5">!</w>
    <time id="T20E" value="00:05:33,827" />
  </s>
  <s id="23">
    <time id="T21S" value="00:06:54,980" />
    <w id="23.1">Die</w>
    <w id="23.2">pes</w>
    <w id="23.3">!</w>
  </s>
  <s id="24">
    <w id="24.1">Die</w>
    <w id="24.2">pes</w>
    <w id="24.3">!</w>
    <time id="T21E" value="00:06:57,560" />
  </s>
  <s id="25">
    <time id="T22S" value="00:07:37,787" />
    <w id="25.1">Die</w>
    <w id="25.2">verwoestende</w>
    <w id="25.3">pes</w>
    <w id="25.4">woed</w>
    <w id="25.5">voort</w>
    <w id="25.6">:</w>
    <time id="T22E" value="00:07:41,494" />
  </s>
  <s id="26">
    <time id="T23S" value="00:07:41,656" />
    <w id="26.1">in</w>
    <w id="26.2">'</w>
    <w id="26.3">n</w>
    <w id="26.4">paar</w>
    <w id="26.5">dae</w>
    <w id="26.6">is</w>
    <w id="26.7">helfte</w>
    <w id="26.8">van</w>
    <w id="26.9">die</w>
    <w id="26.10">stad</w>
    <w id="26.11">sterwend</w>
    <w id="26.12">.</w>
    <time id="T23E" value="00:07:45,745" />
  </s>
  <s id="27">
    <time id="T24S" value="00:08:24,845" />
    <w id="27.1">Dag</w>
    <w id="27.2">en</w>
    <w id="27.3">nag</w>
    <w id="27.4">worstel</w>
    <w id="27.5">Faust</w>
    <time id="T24E" value="00:08:27,542" />
    <time id="T25S" value="00:08:27,692" />
    <w id="27.6">met</w>
    <w id="27.7">God</w>
    <w id="27.8">in</w>
    <w id="27.9">gebed</w>
    <w id="27.10">om</w>
    <time id="T25E" value="00:08:30,366" />
    <time id="T26S" value="00:08:30,455" />
    <w id="27.11">'</w>
    <w id="27.12">n</w>
    <w id="27.13">geneesmiddel</w>
    <w id="27.14">te</w>
    <w id="27.15">vind</w>
    <w id="27.16">.</w>
    <time id="T26E" value="00:08:33,237" />
  </s>
  <s id="28">
    <time id="T27S" value="00:08:45,481" />
    <w id="28.1">en</w>
    <w id="28.2">daar</w>
    <w id="28.3">was</w>
    <w id="28.4">'</w>
    <w id="28.5">n</w>
    <w id="28.6">groot</w>
    <w id="28.7">gejammer</w>
    <w id="28.8">in</w>
    <w id="28.9">Egipte</w>
    <w id="28.10">,</w>
    <time id="T27E" value="00:08:56,463" />
    <time id="T28S" value="00:08:56,920" />
    <w id="28.11">want</w>
    <w id="28.12">daar</w>
    <w id="28.13">was</w>
    <w id="28.14">geen</w>
    <w id="28.15">huis</w>
    <w id="28.16">sonder</w>
    <w id="28.17">'</w>
    <w id="28.18">n</w>
    <w id="28.19">dooie</w>
    <w id="28.20">nie</w>
    <w id="28.21">.</w>
    <time id="T28E" value="00:09:06,420" />
  </s>
  <s id="29">
    <time id="T29S" value="00:09:06,670" />
    <w id="29.1">Sëen</w>
    <w id="29.2">die</w>
    <w id="29.3">reddingswerk</w>
    <w id="29.4">,</w>
    <w id="29.5">o</w>
    <w id="29.6">God</w>
    <w id="29.7">!</w>
    <time id="T29E" value="00:09:12,173" />
  </s>
  <s id="30">
    <time id="T30S" value="00:09:12,345" />
    <w id="30.1">net</w>
    <w id="30.2">U</w>
    <w id="30.3">kan</w>
    <w id="30.4">in</w>
    <w id="30.5">hierdie</w>
    <w id="30.6">nood</w>
    <w id="30.7">uithelp</w>
    <w id="30.8">!</w>
    <time id="T30E" value="00:09:17,525" />
  </s>
  <s id="31">
    <time id="T31S" value="00:09:57,827" />
    <w id="31.1">Help</w>
    <w id="31.2">...</w>
    <w id="31.3">help</w>
    <w id="31.4">!</w>
  </s>
  <s id="32">
    <w id="32.1">My</w>
    <w id="32.2">moeder</w>
    <w id="32.3">sterf</w>
    <w id="32.4">!</w>
    <time id="T31E" value="00:10:03,718" />
  </s>
  <s id="33">
    <time id="T32S" value="00:12:31,202" />
    <w id="33.1">Doodsangs</w>
    <w id="33.2">en</w>
    <w id="33.3">waansin</w>
    <w id="33.4">vervul</w>
    <w id="33.5">die</w>
    <w id="33.6">stad</w>
    <w id="33.7">.</w>
    <time id="T32E" value="00:12:38,388" />
  </s>
  <s id="34">
    <time id="T33S" value="00:12:51,448" />
    <w id="34.1">Doen</w>
    <w id="34.2">boete</w>
    <w id="34.3">,</w>
    <w id="34.4">vas</w>
    <w id="34.5">,</w>
    <w id="34.6">bid</w>
    <w id="34.7">!</w>
  </s>
  <s id="35">
    <w id="35.1">Net</w>
    <w id="35.2">geloof</w>
    <w id="35.3">sal</w>
    <w id="35.4">God</w>
    <w id="35.5">beweeg</w>
    <w id="35.6">!</w>
    <time id="T33E" value="00:12:59,952" />
  </s>
  <s id="36">
    <time id="T34S" value="00:13:37,123" />
    <w id="36.1">Respekteer</w>
    <w id="36.2">die</w>
    <w id="36.3">dooies</w>
    <w id="36.4">!</w>
    <time id="T34E" value="00:13:41,105" />
  </s>
  <s id="37">
    <time id="T35S" value="00:13:43,456" />
    <w id="37.1">Ons</w>
    <w id="37.2">weet</w>
    <w id="37.3">nie</w>
    <w id="37.4">wat</w>
    <w id="37.5">voorlê</w>
    <w id="37.6">nie</w>
    <w id="37.7">,</w>
    <w id="37.8">laat</w>
    <w id="37.9">ons</w>
    <w id="37.10">leef</w>
    <w id="37.11">en</w>
    <w id="37.12">geniet</w>
    <w id="37.13">!</w>
    <time id="T35E" value="00:13:52,345" />
  </s>
  <s id="38">
    <time id="T36S" value="00:13:58,626" />
    <w id="38.1">Die</w>
    <w id="38.2">gelowiges</w>
    <w id="38.3">sal</w>
    <w id="38.4">lewe</w>
    <w id="38.5">!</w>
  </s>
  <s id="39">
    <w id="39.1">Maar</w>
    <w id="39.2">die</w>
    <w id="39.3">goddelose</w>
    <w id="39.4">sal</w>
    <w id="39.5">verpletter</w>
    <w id="39.6">word</w>
    <w id="39.7">!</w>
    <time id="T36E" value="00:14:06,563" />
  </s>
  <s id="40">
    <time id="T37S" value="00:14:23,951" />
    <w id="40.1">Die</w>
    <w id="40.2">pes</w>
    <w id="40.3">!</w>
  </s>
  <s id="41">
    <w id="41.1">Die</w>
    <w id="41.2">pes</w>
    <w id="41.3">!</w>
    <time id="T37E" value="00:14:26,324" />
  </s>
  <s id="42">
    <time id="T38S" value="00:15:22,488" />
    <w id="42.1">Ontferm</w>
    <w id="42.2">jou</w>
    <w id="42.3">,</w>
    <w id="42.4">Faust</w>
    <w id="42.5">!</w>
  </s>
  <s id="43">
    <w id="43.1">Net</w>
    <w id="43.2">jy</w>
    <w id="43.3">kan</w>
    <w id="43.4">ons</w>
    <w id="43.5">nog</w>
    <w id="43.6">red</w>
    <w id="43.7">!</w>
    <time id="T38E" value="00:15:29,235" />
  </s>
  <s id="44">
    <time id="T39S" value="00:15:30,670" />
    <w id="44.1">Gaan</w>
    <w id="44.2">weg</w>
    <w id="44.3">!</w>
  </s>
  <s id="45">
    <w id="45.1">Ons</w>
    <w id="45.2">is</w>
    <w id="45.3">verlore</w>
    <w id="45.4">!</w>
  </s>
  <s id="46">
    <w id="46.1">Geloof</w>
    <w id="46.2">is</w>
    <w id="46.3">nutteloos</w>
    <w id="46.4">.</w>
    <time id="T39E" value="00:15:35,459" />
  </s>
  <s id="47">
    <time id="T40S" value="00:15:35,579" />
    <w id="47.1">Kennis</w>
    <w id="47.2">is</w>
    <w id="47.3">nutteloos</w>
    <w id="47.4">.</w>
  </s>
  <s id="48">
    <w id="48.1">Alles</w>
    <w id="48.2">is</w>
    <w id="48.3">leuens</w>
    <w id="48.4">..</w>
    <time id="T40E" value="00:15:40,389" />
  </s>
  <s id="49">
    <time id="T41S" value="00:16:25,199" />
    <w id="49.1">Maar</w>
    <w id="49.2">U</w>
    <w id="49.3">,</w>
    <w id="49.4">o</w>
    <w id="49.5">God</w>
    <w id="49.6">,</w>
    <w id="49.7">is</w>
    <w id="49.8">barmhartig</w>
    <w id="49.9">en</w>
    <w id="49.10">goed</w>
    <w id="49.11">!</w>
    <time id="T41E" value="00:16:30,233" />
  </s>
  <s id="50">
    <time id="T42S" value="00:17:01,206" />
    <w id="50.1">Die</w>
    <w id="50.2">drievoudige</w>
    <w id="50.3">sleutel</w>
    <w id="50.4">tot</w>
    <w id="50.5">die</w>
    <w id="50.6">mag</w>
    <w id="50.7">van</w>
    <w id="50.8">die</w>
    <w id="50.9">hel</w>
    <w id="50.10">se</w>
    <w id="50.11">bose</w>
    <w id="50.12">geeste</w>
    <w id="50.13">.</w>
    <time id="T42E" value="00:17:08,225" />
  </s>
  <s id="51">
    <time id="T43S" value="00:17:21,927" />
    <w id="51.1">En</w>
    <w id="51.2">as</w>
    <w id="51.3">jy</w>
    <w id="51.4">die</w>
    <w id="51.5">mag</w>
    <w id="51.6">van</w>
    <w id="51.7">die</w>
    <w id="51.8">prins</w>
    <w id="51.9">van</w>
    <w id="51.10">die</w>
    <w id="51.11">Duisternis</w>
    <w id="51.12">wil</w>
    <w id="51.13">monster</w>
    <w id="51.14">om</w>
    <w id="51.15">jou</w>
    <w id="51.16">te</w>
    <w id="51.17">help</w>
    <w id="51.18">..</w>
    <time id="T43E" value="00:17:28,859" />
  </s>
  <s id="52">
    <time id="T44S" value="00:17:29,006" />
    <w id="52.1">en</w>
    <w id="52.2">jou</w>
    <w id="52.3">alle</w>
    <w id="52.4">mag</w>
    <w id="52.5">en</w>
    <w id="52.6">glorie</w>
    <w id="52.7">te</w>
    <w id="52.8">gee</w>
    <w id="52.9">,</w>
    <w id="52.10">gaan</w>
    <w id="52.11">na</w>
    <w id="52.12">'</w>
    <w id="52.13">n</w>
    <w id="52.14">kruispad</w>
    <w id="52.15">,</w>
    <w id="52.16">en</w>
    <w id="52.17">roep</w>
    <w id="52.18">hom</w>
    <w id="52.19">drie</w>
    <w id="52.20">maal</w>
    <w id="52.21">:</w>
    <time id="T44E" value="00:17:37,139" />
  </s>
  <s id="53">
    <time id="T45S" value="00:19:08,776" />
    <w id="53.1">Ek</w>
    <w id="53.2">roep</w>
    <w id="53.3">om</w>
    <w id="53.4">hulp</w>
    <w id="53.5">,</w>
    <w id="53.6">Gees</w>
    <w id="53.7">van</w>
    <w id="53.8">Duisternis</w>
    <w id="53.9">,</w>
    <w id="53.10">verskyn</w>
    <w id="53.11">!</w>
    <time id="T45E" value="00:19:17,332" />
  </s>
  <s id="54">
    <time id="T46S" value="00:19:31,352" />
    <w id="54.1">Verskyn</w>
    <w id="54.2">,</w>
    <w id="54.3">Bose</w>
    <w id="54.4">Gees</w>
    <w id="54.5">!</w>
    <time id="T46E" value="00:19:34,790" />
  </s>
  <s id="55">
    <time id="T47S" value="00:19:53,107" />
    <w id="55.1">Soos</w>
    <w id="55.2">jy</w>
    <w id="55.3">jouself</w>
    <w id="55.4">noem</w>
    <w id="55.5">met</w>
    <w id="55.6">'</w>
    <w id="55.7">n</w>
    <w id="55.8">bose</w>
    <w id="55.9">naam</w>
    <w id="55.10">:</w>
    <time id="T47E" value="00:19:59,882" />
  </s>
  <s id="56">
    <time id="T48S" value="00:19:59,964" />
    <w id="56.1">MEPHISTO</w>
    <w id="56.2">,</w>
    <w id="56.3">verskyn</w>
    <w id="56.4">!</w>
    <time id="T48E" value="00:20:02,509" />
  </s>
  <s id="57">
    <time id="T49S" value="00:22:08,205" />
    <w id="57.1">Jy</w>
    <w id="57.2">het</w>
    <w id="57.3">my</w>
    <w id="57.4">geroep</w>
    <w id="57.5">!</w>
    <time id="T49E" value="00:22:12,367" />
  </s>
  <s id="58">
    <time id="T50S" value="00:22:16,706" />
    <w id="58.1">Hier</w>
    <w id="58.2">is</w>
    <w id="58.3">ek</w>
    <w id="58.4">!</w>
    <time id="T50E" value="00:22:19,306" />
  </s>
  <s id="59">
    <time id="T51S" value="00:22:44,766" />
    <w id="59.1">Ek</w>
    <w id="59.2">ontken</w>
    <w id="59.3">God</w>
    <w id="59.4">en</w>
    <w id="59.5">sy</w>
    <w id="59.6">hemelse</w>
    <w id="59.7">lëerskare</w>
    <w id="59.8">,</w>
    <w id="59.9">en</w>
    <w id="59.10">daarom</w>
    <w id="59.11">sal</w>
    <w id="59.12">aan</w>
    <w id="59.13">my</w>
    <w id="59.14">behoort</w>
    <w id="59.15">..</w>
    <time id="T51E" value="00:22:48,611" />
  </s>
  <s id="60">
    <time id="T52S" value="00:22:48,701" />
    <w id="60.1">alle</w>
    <w id="60.2">mag</w>
    <w id="60.3">en</w>
    <w id="60.4">heerlikheid</w>
    <w id="60.5">op</w>
    <w id="60.6">aarde</w>
    <w id="60.7">.</w>
    <time id="T52E" value="00:22:52,110" />
  </s>
  <s id="61">
    <time id="T53S" value="00:22:58,511" />
    <w id="61.1">Wyk</w>
    <w id="61.2">van</w>
    <w id="61.3">my</w>
    <w id="61.4">,</w>
    <w id="61.5">Satan</w>
    <w id="61.6">!</w>
    <time id="T53E" value="00:23:02,379" />
  </s>
  <s id="62">
    <time id="T54S" value="00:23:27,744" />
    <w id="62.1">Om</w>
    <w id="62.2">net</w>
    <w id="62.3">een</w>
    <w id="62.4">dag</w>
    <w id="62.5">sonder</w>
    <w id="62.6">hierdie</w>
    <w id="62.7">hulpeloosheid</w>
    <w id="62.8">te</w>
    <w id="62.9">wees</w>
    <w id="62.10">!</w>
    <time id="T54E" value="00:23:32,684" />
  </s>
  <s id="63">
    <time id="T55S" value="00:23:36,686" />
    <w id="63.1">Een</w>
    <w id="63.2">dag</w>
    <w id="63.3">!</w>
  </s>
  <s id="64">
    <w id="64.1">Probeer</w>
    <w id="64.2">dit</w>
    <w id="64.3">vir</w>
    <w id="64.4">net</w>
    <w id="64.5">een</w>
    <w id="64.6">dag</w>
    <w id="64.7">!</w>
    <time id="T55E" value="00:23:42,770" />
  </s>
  <s id="65">
    <time id="T56S" value="00:23:50,120" />
    <w id="65.1">Wanner</w>
    <w id="65.2">die</w>
    <w id="65.3">uurglas</w>
    <w id="65.4">uitgeloop</w>
    <w id="65.5">het</w>
    <w id="65.6">..</w>
    <time id="T56E" value="00:23:54,867" />
  </s>
  <s id="66">
    <time id="T57S" value="00:23:58,059" />
    <w id="66.1">is</w>
    <w id="66.2">jy</w>
    <w id="66.3">vry</w>
    <w id="66.4">om</w>
    <w id="66.5">die</w>
    <w id="66.6">kontrak</w>
    <w id="66.7">te</w>
    <w id="66.8">kanselleer</w>
    <w id="66.9">!</w>
  </s>
  <s id="67">
    <w id="67.1">Teken</w>
    <w id="67.2">!</w>
    <time id="T57E" value="00:24:06,436" />
  </s>
  <s id="68">
    <time id="T58S" value="00:24:13,719" />
    <w id="68.1">Glorie</w>
    <w id="68.2">...</w>
  </s>
  <s id="69">
    <w id="69.1">Mag</w>
    <time id="T58E" value="00:24:18,379" />
  </s>
  <s id="70">
    <time id="T59S" value="00:24:42,571" />
    <w id="70.1">Kan</w>
    <w id="70.2">jy</w>
    <w id="70.3">die</w>
    <w id="70.4">hongeres</w>
    <w id="70.5">en</w>
    <w id="70.6">siekes</w>
    <w id="70.7">help</w>
    <w id="70.8">?</w>
    <time id="T59E" value="00:24:48,541" />
  </s>
  <s id="71">
    <time id="T60S" value="00:24:52,796" />
    <w id="71.1">Wat</w>
    <w id="71.2">jy</w>
    <w id="71.3">wens</w>
    <w id="71.4">sal</w>
    <w id="71.5">vervul</w>
    <w id="71.6">word</w>
    <w id="71.7">:</w>
  </s>
  <s id="72">
    <w id="72.1">Jy</w>
    <w id="72.2">is</w>
    <w id="72.3">die</w>
    <w id="72.4">heer</w>
    <w id="72.5">,</w>
    <w id="72.6">ek</w>
    <w id="72.7">jou</w>
    <w id="72.8">kneg</w>
    <w id="72.9">!</w>
    <time id="T60E" value="00:25:03,559" />
  </s>
  <s id="73">
    <time id="T61S" value="00:25:28,887" />
    <w id="73.1">'</w>
    <w id="73.2">n</w>
    <w id="73.3">Druppel</w>
    <w id="73.4">bloed</w>
    <w id="73.5">!</w>
    <time id="T61E" value="00:25:32,505" />
  </s>
  <s id="74">
    <time id="T62S" value="00:25:51,824" />
    <w id="74.1">Bloed</w>
    <w id="74.2">is</w>
    <w id="74.3">'</w>
    <w id="74.4">n</w>
    <w id="74.5">besondere</w>
    <w id="74.6">vog</w>
    <w id="74.7">!</w>
    <time id="T62E" value="00:25:59,936" />
  </s>
  <s id="75">
    <time id="T63S" value="00:26:04,235" />
    <w id="75.1">Vir</w>
    <w id="75.2">net</w>
    <w id="75.3">een</w>
    <w id="75.4">dag</w>
    <w id="75.5">?</w>
    <time id="T63E" value="00:26:08,318" />
  </s>
  <s id="76">
    <time id="T64S" value="00:26:10,872" />
    <w id="76.1">Totdat</w>
    <w id="76.2">die</w>
    <w id="76.3">uurglas</w>
    <w id="76.4">uitgeloop</w>
    <w id="76.5">het</w>
    <w id="76.6">!</w>
    <time id="T64E" value="00:26:15,812" />
  </s>
  <s id="77">
    <time id="T65S" value="00:26:27,313" />
    <w id="77.1">Faust</w>
    <w id="77.2">!</w>
  </s>
  <s id="78">
    <w id="78.1">Help</w>
    <w id="78.2">ons</w>
    <w id="78.3">!</w>
    <time id="T65E" value="00:26:31,010" />
  </s>
  <s id="79">
    <time id="T66S" value="00:26:35,293" />
    <w id="79.1">Ek</w>
    <w id="79.2">sal</w>
    <w id="79.3">julle</w>
    <w id="79.4">help</w>
    <w id="79.5">in</w>
    <w id="79.6">die</w>
    <w id="79.7">Duiwel</w>
    <w id="79.8">se</w>
    <w id="79.9">naam</w>
    <w id="79.10">!</w>
    <time id="T66E" value="00:26:40,360" />
  </s>
  <s id="80">
    <time id="T67S" value="00:27:30,711" />
    <w id="80.1">'</w>
    <w id="80.2">n</w>
    <w id="80.3">Wonder</w>
    <w id="80.4">!</w>
  </s>
  <s id="81">
    <w id="81.1">'</w>
    <w id="81.2">n</w>
    <w id="81.3">Wonder</w>
    <w id="81.4">!</w>
    <time id="T67E" value="00:27:33,691" />
  </s>
  <s id="82">
    <time id="T68S" value="00:28:39,965" />
    <w id="82.1">Ek</w>
    <w id="82.2">wil</w>
    <w id="82.3">altyd</w>
    <w id="82.4">vir</w>
    <w id="82.5">die</w>
    <w id="82.6">Gekuisigde</w>
    <w id="82.7">vir</w>
    <w id="82.8">jou</w>
    <w id="82.9">bid</w>
    <w id="82.10">!</w>
    <time id="T68E" value="00:28:47,498" />
  </s>
  <s id="83">
    <time id="T69S" value="00:28:58,852" />
    <w id="83.1">Hy</w>
    <w id="83.2">kan</w>
    <w id="83.3">nie</w>
    <w id="83.4">na</w>
    <w id="83.5">die</w>
    <w id="83.6">heilige</w>
    <w id="83.7">kruis</w>
    <w id="83.8">kyk</w>
    <w id="83.9">nie</w>
    <w id="83.10">!</w>
    <time id="T69E" value="00:29:03,818" />
  </s>
  <s id="84">
    <time id="T70S" value="00:29:08,155" />
    <w id="84.1">Hy</w>
    <w id="84.2">is</w>
    <w id="84.3">verbind</w>
    <w id="84.4">aan</w>
    <w id="84.5">die</w>
    <w id="84.6">Duiwel</w>
    <w id="84.7">!</w>
  </s>
  <s id="85">
    <w id="85.1">Stenig</w>
    <w id="85.2">hom</w>
    <w id="85.3">!</w>
  </s>
  <s id="86">
    <w id="86.1">Stenig</w>
    <w id="86.2">hom</w>
    <w id="86.3">!</w>
    <time id="T70E" value="00:29:15,708" />
  </s>
  <s id="87">
    <time id="T71S" value="00:30:14,361" />
    <w id="87.1">Red</w>
    <w id="87.2">my</w>
    <w id="87.3">,</w>
    <w id="87.4">doodsdrank</w>
    <w id="87.5">!</w>
    <time id="T71E" value="00:30:19,188" />
  </s>
  <s id="88">
    <time id="T72S" value="00:30:24,466" />
    <w id="88.1">Jy</w>
    <w id="88.2">kan</w>
    <w id="88.3">my</w>
    <w id="88.4">nie</w>
    <w id="88.5">ontvlug</w>
    <w id="88.6">nie</w>
    <w id="88.7">!</w>
  </s>
  <s id="89">
    <w id="89.1">Onthou</w>
    <w id="89.2">ons</w>
    <w id="89.3">kontrak</w>
    <w id="89.4">:</w>
    <w id="89.5">die</w>
    <w id="89.6">dag</w>
    <w id="89.7">is</w>
    <w id="89.8">nog</w>
    <w id="89.9">nie</w>
    <w id="89.10">om</w>
    <w id="89.11">nie</w>
    <w id="89.12">.</w>
    <time id="T72E" value="00:30:35,649" />
  </s>
  <s id="90">
    <time id="T73S" value="00:30:43,033" />
    <w id="90.1">Die</w>
    <w id="90.2">dood</w>
    <w id="90.3">bevry</w>
    <w id="90.4">alle</w>
    <w id="90.5">mense</w>
    <w id="90.6">!</w>
    <time id="T73E" value="00:30:48,284" />
  </s>
  <s id="91">
    <time id="T74S" value="00:31:00,757" />
    <w id="91.1">Is</w>
    <w id="91.2">dit</w>
    <w id="91.3">die</w>
    <w id="91.4">Dood</w>
    <w id="91.5">?</w>
    <time id="T74E" value="00:31:05,597" />
  </s>
  <s id="92">
    <time id="T75S" value="00:31:07,414" />
    <w id="92.1">Dit</w>
    <w id="92.2">is</w>
    <w id="92.3">die</w>
    <w id="92.4">lewe</w>
    <w id="92.5">,</w>
    <w id="92.6">Faust</w>
    <w id="92.7">,</w>
    <w id="92.8">wat</w>
    <w id="92.9">jou</w>
    <w id="92.10">met</w>
    <w id="92.11">jou</w>
    <w id="92.12">jeugbeelde</w>
    <w id="92.13">lok</w>
    <w id="92.14">.</w>
    <time id="T75E" value="00:31:14,501" />
  </s>
  <s id="93">
    <time id="T76S" value="00:31:30,511" />
    <w id="93.1">Armsalige</w>
    <w id="93.2">Faust</w>
    <w id="93.3">,</w>
    <w id="93.4">waarom</w>
    <w id="93.5">soek</w>
    <w id="93.6">jy</w>
    <w id="93.7">die</w>
    <w id="93.8">Dood</w>
    <w id="93.9">?</w>
  </s>
  <s id="94">
    <w id="94.1">Jy</w>
    <w id="94.2">het</w>
    <w id="94.3">nog</w>
    <w id="94.4">nie</w>
    <w id="94.5">gelewe</w>
    <w id="94.6">nie</w>
    <w id="94.7">!</w>
    <time id="T76E" value="00:31:39,846" />
  </s>
  <s id="95">
    <time id="T77S" value="00:31:44,466" />
    <w id="95.1">Ek</w>
    <w id="95.2">verafsku</w>
    <w id="95.3">die</w>
    <w id="95.4">lewe</w>
    <w id="95.5">!</w>
    <time id="T77E" value="00:31:47,984" />
  </s>
  <s id="96">
    <time id="T78S" value="00:31:50,802" />
    <w id="96.1">Jou</w>
    <w id="96.2">lewe</w>
    <w id="96.3">was</w>
    <w id="96.4">net</w>
    <w id="96.5">stof</w>
    <w id="96.6">en</w>
    <w id="96.7">skimmel</w>
    <w id="96.8">van</w>
    <w id="96.9">boeke</w>
    <w id="96.10">.</w>
  </s>
  <s id="97">
    <w id="97.1">Plesier</w>
    <w id="97.2">is</w>
    <w id="97.3">alles</w>
    <w id="97.4">!</w>
    <time id="T78E" value="00:31:58,539" />
  </s>
  <s id="98">
    <time id="T79S" value="00:32:00,988" />
    <w id="98.1">Ek</w>
    <w id="98.2">is</w>
    <w id="98.3">te</w>
    <w id="98.4">oud</w>
    <w id="98.5">!</w>
    <time id="T79E" value="00:32:03,547" />
  </s>
  <s id="99">
    <time id="T80S" value="00:32:15,023" />
    <w id="99.1">Ek</w>
    <w id="99.2">bied</w>
    <w id="99.3">jou</w>
    <w id="99.4">die</w>
    <w id="99.5">grootste</w>
    <w id="99.6">geluk</w>
    <w id="99.7">:</w>
    <w id="99.8">jeug</w>
    <w id="99.9">!</w>
  </s>
  <s id="100">
    <w id="100.1">Gryp</w>
    <w id="100.2">dit</w>
    <w id="100.3">!</w>
    <time id="T80E" value="00:32:23,844" />
  </s>
  <s id="101">
    <time id="T81S" value="00:32:32,466" />
    <w id="101.1">Gee</w>
    <w id="101.2">my</w>
    <w id="101.3">jonkheid</w>
    <w id="101.4">!</w>
    <time id="T81E" value="00:32:36,155" />
  </s>
  <s id="102">
    <time id="T82S" value="00:33:53,549" />
    <w id="102.1">Ons</w>
    <w id="102.2">het</w>
    <w id="102.3">die</w>
    <w id="102.4">oue</w>
    <w id="102.5">gevang</w>
    <w id="102.6">!</w>
    <time id="T82E" value="00:33:56,633" />
  </s>
  <s id="103">
    <time id="T83S" value="00:35:00,717" />
    <w id="103.1">Neem</w>
    <w id="103.2">my</w>
    <w id="103.3">na</w>
    <w id="103.4">haar</w>
    <w id="103.5">!</w>
    <time id="T83E" value="00:35:04,440" />
  </s>
  <s id="104">
    <time id="T84S" value="00:35:09,339" />
    <w id="104.1">Staan</w>
    <w id="104.2">op</w>
    <w id="104.3">my</w>
    <w id="104.4">mantel</w>
    <w id="104.5">..</w>
    <time id="T84E" value="00:35:12,823" />
  </s>
  <s id="105">
    <time id="T85S" value="00:35:13,910" />
    <w id="105.1">...</w>
    <w id="105.2">en</w>
    <w id="105.3">die</w>
    <w id="105.4">aarde</w>
    <w id="105.5">sal</w>
    <w id="105.6">om</w>
    <w id="105.7">jou</w>
    <w id="105.8">draai</w>
    <w id="105.9">!</w>
    <time id="T85E" value="00:35:18,477" />
  </s>
  <s id="106">
    <time id="T86S" value="00:37:58,723" />
    <w id="106.1">Die</w>
    <w id="106.2">bruilof</w>
    <w id="106.3">van</w>
    <w id="106.4">die</w>
    <w id="106.5">Hertogin</w>
    <w id="106.6">van</w>
    <w id="106.7">Parma</w>
    <w id="106.8">:</w>
  </s>
  <s id="107">
    <w id="107.1">die</w>
    <w id="107.2">mooiste</w>
    <w id="107.3">Italiaanse</w>
    <w id="107.4">vrou</w>
    <w id="107.5">!</w>
    <time id="T86E" value="00:38:08,296" />
  </s>
  <s id="108">
    <time id="T87S" value="00:38:46,843" />
    <w id="108.1">Vreemde</w>
    <w id="108.2">gaste</w>
    <w id="108.3">!</w>
    <time id="T87E" value="00:38:49,322" />
  </s>
  <s id="109">
    <time id="T88S" value="00:39:16,678" />
    <w id="109.1">Om</w>
    <w id="109.2">aan</w>
    <w id="109.3">die</w>
    <w id="109.4">skoonheid</w>
    <w id="109.5">hulde</w>
    <w id="109.6">te</w>
    <w id="109.7">bring</w>
    <w id="109.8">,</w>
    <w id="109.9">bring</w>
    <w id="109.10">my</w>
    <w id="109.11">heer</w>
    <w id="109.12">skatte</w>
    <w id="109.13">van</w>
    <w id="109.14">sy</w>
    <w id="109.15">ryk</w>
    <w id="109.16">!</w>
    <time id="T88E" value="00:39:27,415" />
  </s>
  <s id="110">
    <time id="T89S" value="00:43:05,069" />
    <w id="110.1">Die</w>
    <w id="110.2">dag</w>
    <w id="110.3">is</w>
    <w id="110.4">verby</w>
    <w id="110.5">!</w>
  </s>
  <s id="111">
    <w id="111.1">Die</w>
    <w id="111.2">sand</w>
    <w id="111.3">het</w>
    <w id="111.4">uitgeloop</w>
    <w id="111.5">!</w>
  </s>
  <s id="112">
    <w id="112.1">Wees</w>
    <w id="112.2">nou</w>
    <w id="112.3">soos</w>
    <w id="112.4">tevore</w>
    <w id="112.5">!</w>
    <time id="T89E" value="00:43:14,924" />
  </s>
  <s id="113">
    <time id="T90S" value="00:43:32,257" />
    <w id="113.1">Die</w>
    <w id="113.2">jeug</w>
    <w id="113.3">...</w>
  </s>
  <s id="114">
    <w id="114.1">Los</w>
    <w id="114.2">vir</w>
    <w id="114.3">my</w>
    <w id="114.4">die</w>
    <w id="114.5">jeug</w>
    <w id="114.6">!</w>
    <time id="T90E" value="00:43:36,625" />
  </s>
  <s id="115">
    <time id="T91S" value="00:43:39,194" />
    <w id="115.1">Aan</w>
    <w id="115.2">my</w>
    <w id="115.3">verbind</w>
    <w id="115.4">vir</w>
    <w id="115.5">ewig</w>
    <w id="115.6">?</w>
    <time id="T91E" value="00:43:43,278" />
  </s>
  <s id="116">
    <time id="T92S" value="00:44:37,179" />
    <w id="116.1">Jy</w>
    <w id="116.2">het</w>
    <w id="116.3">voluit</w>
    <w id="116.4">geleef</w>
    <w id="116.5">,</w>
    <w id="116.6">Faust</w>
    <w id="116.7">!</w>
  </s>
  <s id="117">
    <w id="117.1">Elke</w>
    <w id="117.2">genot</w>
    <w id="117.3">beproef</w>
    <w id="117.4">,</w>
    <w id="117.5">en</w>
    <w id="117.6">niks</w>
    <w id="117.7">bevredig</w>
    <w id="117.8">jou</w>
    <w id="117.9">nie</w>
    <w id="117.10">!</w>
    <time id="T92E" value="00:44:54,574" />
  </s>
  <s id="118">
    <time id="T93S" value="00:44:59,595" />
    <w id="118.1">Wat</w>
    <w id="118.2">soek</w>
    <w id="118.3">jy</w>
    <w id="118.4">,</w>
    <w id="118.5">'</w>
    <w id="118.6">n</w>
    <w id="118.7">vrou</w>
    <w id="118.8">,</w>
    <w id="118.9">spel</w>
    <w id="118.10">,</w>
    <w id="118.11">'</w>
    <w id="118.12">n</w>
    <w id="118.13">orgie</w>
    <w id="118.14">?</w>
  </s>
  <s id="119">
    <w id="119.1">Ek</w>
    <w id="119.2">moet</w>
    <w id="119.3">elke</w>
    <w id="119.4">wens</w>
    <w id="119.5">van</w>
    <w id="119.6">jou</w>
    <w id="119.7">vervul</w>
    <w id="119.8">!</w>
    <time id="T93E" value="00:45:12,861" />
  </s>
  <s id="120">
    <time id="T94S" value="00:45:16,197" />
    <w id="120.1">Soek</w>
    <w id="120.2">jy</w>
    <w id="120.3">die</w>
    <w id="120.4">Keiser</w>
    <w id="120.5">se</w>
    <w id="120.6">kroon</w>
    <w id="120.7">?</w>
    <time id="T94E" value="00:45:19,801" />
  </s>
  <s id="121">
    <time id="T95S" value="00:45:55,255" />
    <w id="121.1">Huis</w>
    <w id="121.2">!</w>
    <time id="T95E" value="00:45:58,060" />
  </s>
  <s id="122">
    <time id="T96S" value="00:46:10,453" />
    <w id="122.1">Neem</w>
    <w id="122.2">my</w>
    <w id="122.3">onmiddelik</w>
    <w id="122.4">huistoe</w>
    <w id="122.5">!</w>
    <time id="T96E" value="00:46:15,493" />
  </s>
  <s id="123">
    <time id="T97S" value="00:46:36,237" />
    <w id="123.1">Is</w>
    <w id="123.2">daar</w>
    <w id="123.3">vandag</w>
    <w id="123.4">'</w>
    <w id="123.5">n</w>
    <w id="123.6">fees</w>
    <w id="123.7">in</w>
    <w id="123.8">jou</w>
    <w id="123.9">stad</w>
    <w id="123.10">?</w>
    <time id="T97E" value="00:46:41,404" />
  </s>
  <s id="124">
    <time id="T98S" value="00:46:45,781" />
    <w id="124.1">Is</w>
    <w id="124.2">jy</w>
    <w id="124.3">'</w>
    <w id="124.4">n</w>
    <w id="124.5">heiden</w>
    <w id="124.6">dat</w>
    <w id="124.7">jy</w>
    <w id="124.8">nie</w>
    <w id="124.9">gehoor</w>
    <w id="124.10">het</w>
    <w id="124.11">van</w>
    <w id="124.12">die</w>
    <w id="124.13">Paasfees</w>
    <w id="124.14">nie</w>
    <w id="124.15">?</w>
    <time id="T98E" value="00:46:55,556" />
  </s>
  <s id="125">
    <time id="T99S" value="00:47:58,964" />
    <w id="125.1">Dis</w>
    <w id="125.2">asof</w>
    <w id="125.3">alles</w>
    <w id="125.4">stilgestaan</w>
    <w id="125.5">het</w>
    <w id="125.6">:</w>
  </s>
  <s id="126">
    <w id="126.1">Alles</w>
    <w id="126.2">is</w>
    <w id="126.3">soos</w>
    <w id="126.4">dit</w>
    <w id="126.5">was</w>
    <w id="126.6">!</w>
    <time id="T99E" value="00:48:09,264" />
  </s>
  <s id="127">
    <time id="T100S" value="00:48:54,102" />
    <w id="127.1">'</w>
    <w id="127.2">n</w>
    <w id="127.3">Onskuldige</w>
    <w id="127.4">meisie</w>
    <w id="127.5">op</w>
    <w id="127.6">pad</w>
    <w id="127.7">na</w>
    <w id="127.8">die</w>
    <w id="127.9">diens</w>
    <w id="127.10">Sy</w>
    <w id="127.11">is</w>
    <w id="127.12">nie</w>
    <w id="127.13">vir</w>
    <w id="127.14">jou</w>
    <w id="127.15">nie</w>
    <w id="127.16">!</w>
    <time id="T100E" value="00:49:02,553" />
  </s>
  <s id="128">
    <time id="T101S" value="00:49:50,363" />
    <w id="128.1">Loof</w>
    <w id="128.2">die</w>
    <w id="128.3">Heer</w>
    <w id="128.4">,</w>
    <w id="128.5">die</w>
    <w id="128.6">Almagtige</w>
    <w id="128.7">.</w>
    <time id="T101E" value="00:49:59,134" />
  </s>
  <s id="129">
    <time id="T102S" value="00:50:41,370" />
    <w id="129.1">Vakansie</w>
    <w id="129.2">,</w>
    <w id="129.3">Moeder</w>
    <w id="129.4">!</w>
    <time id="T102E" value="00:50:44,130" />
  </s>
  <s id="130">
    <time id="T103S" value="00:52:12,037" />
    <w id="130.1">Ek</w>
    <w id="130.2">ken</w>
    <w id="130.3">hier</w>
    <w id="130.4">meer</w>
    <w id="130.5">gewillige</w>
    <w id="130.6">meisies</w>
    <w id="130.7">!</w>
    <time id="T103E" value="00:52:16,839" />
  </s>
  <s id="131">
    <time id="T104S" value="00:52:18,814" />
    <w id="131.1">Ek</w>
    <w id="131.2">wil</w>
    <w id="131.3">net</w>
    <w id="131.4">vir</w>
    <w id="131.5">haar</w>
    <w id="131.6">hê</w>
    <w id="131.7">.</w>
  </s>
  <s id="132">
    <w id="132.1">Jy</w>
    <w id="132.2">doen</w>
    <w id="132.3">wat</w>
    <w id="132.4">ek</w>
    <w id="132.5">beveel</w>
    <w id="132.6">!</w>
    <time id="T104E" value="00:52:25,065" />
  </s>
  <s id="133">
    <time id="T105S" value="00:53:50,583" />
    <w id="133.1">Broer</w>
    <w id="133.2">Valentin</w>
    <w id="133.3">!</w>
    <time id="T105E" value="00:53:54,728" />
  </s>
  <s id="134">
    <time id="T106S" value="00:54:30,704" />
    <w id="134.1">As</w>
    <w id="134.2">sy</w>
    <w id="134.3">eers</w>
    <w id="134.4">die</w>
    <w id="134.5">goue</w>
    <w id="134.6">ketting</w>
    <w id="134.7">in</w>
    <w id="134.8">die</w>
    <w id="134.9">huis</w>
    <w id="134.10">het</w>
    <w id="134.11">,</w>
    <w id="134.12">sal</w>
    <w id="134.13">sy</w>
    <w id="134.14">die</w>
    <w id="134.15">duiwel</w>
    <w id="134.16">se</w>
    <w id="134.17">krag</w>
    <w id="134.18">ervaar</w>
    <w id="134.19">!</w>
    <time id="T106E" value="00:54:40,559" />
  </s>
  <s id="135">
    <time id="T107S" value="00:56:45,481" />
    <w id="135.1">Goeie</w>
    <w id="135.2">genade</w>
    <w id="135.3">,</w>
    <w id="135.4">hoe</w>
    <w id="135.5">mooi</w>
    <w id="135.6">is</w>
    <w id="135.7">jy</w>
    <w id="135.8">nie</w>
    <w id="135.9">!</w>
    <time id="T107E" value="00:56:49,450" />
  </s>
  <s id="136">
    <time id="T108S" value="00:56:51,176" />
    <w id="136.1">Het</w>
    <w id="136.2">jy</w>
    <w id="136.3">al</w>
    <w id="136.4">vryers</w>
    <w id="136.5">?</w>
    <time id="T108E" value="00:56:55,144" />
  </s>
  <s id="137">
    <time id="T109S" value="00:58:05,923" />
    <w id="137.1">Wat</w>
    <w id="137.2">het</w>
    <w id="137.3">jy</w>
    <w id="137.4">,</w>
    <w id="137.5">kind</w>
    <w id="137.6">?</w>
    <time id="T109E" value="00:58:08,967" />
  </s>
  <s id="138">
    <time id="T110S" value="00:58:29,502" />
    <w id="138.1">Vertel</w>
    <w id="138.2">aan</w>
    <w id="138.3">haar</w>
    <w id="138.4">,</w>
    <w id="138.5">as</w>
    <w id="138.6">jy</w>
    <w id="138.7">nie</w>
    <w id="138.8">vir</w>
    <w id="138.9">my</w>
    <w id="138.10">kan</w>
    <w id="138.11">vertel</w>
    <w id="138.12">nie</w>
    <w id="138.13">!</w>
    <time id="T110E" value="00:58:37,679" />
  </s>
  <s id="139">
    <time id="T111S" value="01:00:08,269" />
    <w id="139.1">Mag</w>
    <w id="139.2">ek</w>
    <w id="139.3">na</w>
    <w id="139.4">Tante</w>
    <w id="139.5">Marthe</w>
    <w id="139.6">gaan</w>
    <w id="139.7">?</w>
    <time id="T111E" value="01:00:13,275" />
  </s>
  <s id="140">
    <time id="T112S" value="01:00:16,369" />
    <w id="140.1">Frau</w>
    <w id="140.2">Marthe</w>
    <w id="140.3">Schwerdtlein</w>
    <time id="T112E" value="01:00:19,973" />
  </s>
  <s id="141">
    <time id="T113S" value="01:00:35,016" />
    <w id="141.1">Drie</w>
    <w id="141.2">druppels</w>
    <w id="141.3">van</w>
    <w id="141.4">die</w>
    <w id="141.5">liefdesdrank</w>
    <w id="141.6">,</w>
    <w id="141.7">laat</w>
    <w id="141.8">alle</w>
    <w id="141.9">vroueharte</w>
    <w id="141.10">bons</w>
    <w id="141.11">vir</w>
    <w id="141.12">jou</w>
    <w id="141.13">!</w>
    <time id="T113E" value="01:00:47,083" />
  </s>
  <s id="142">
    <time id="T114S" value="01:02:12,179" />
    <w id="142.1">Kyk</w>
    <w id="142.2">,</w>
    <w id="142.3">Tant</w>
    <w id="142.4">Marthe</w>
    <w id="142.5">wat</w>
    <w id="142.6">ek</w>
    <w id="142.7">in</w>
    <w id="142.8">my</w>
    <w id="142.9">laai</w>
    <w id="142.10">kry</w>
    <w id="142.11">..</w>
    <time id="T114E" value="01:02:18,349" />
  </s>
  <s id="143">
    <time id="T115S" value="01:02:24,449" />
    <w id="143.1">'</w>
    <w id="143.2">n</w>
    <w id="143.3">Groot</w>
    <w id="143.4">skat</w>
    <w id="143.5">!</w>
  </s>
  <s id="144">
    <w id="144.1">Is</w>
    <w id="144.2">jy</w>
    <w id="144.3">seker</w>
    <w id="144.4">?</w>
    <time id="T115E" value="01:02:28,168" />
  </s>
  <s id="145">
    <time id="T116S" value="01:02:33,271" />
    <w id="145.1">Ek</w>
    <w id="145.2">kry</w>
    <w id="145.3">dit</w>
    <w id="145.4">in</w>
    <w id="145.5">my</w>
    <w id="145.6">laai</w>
    <w id="145.7">!</w>
    <time id="T116E" value="01:02:36,157" />
  </s>
  <s id="146">
    <time id="T117S" value="01:02:59,016" />
    <w id="146.1">Laat</w>
    <w id="146.2">my</w>
    <w id="146.3">dit</w>
    <w id="146.4">net</w>
    <w id="146.5">eenmaal</w>
    <w id="146.6">aanpas</w>
    <w id="146.7">!</w>
    <time id="T117E" value="01:03:05,220" />
  </s>
  <s id="147">
    <time id="T118S" value="01:03:46,013" />
    <w id="147.1">'</w>
    <w id="147.2">n</w>
    <w id="147.3">Ruikertjie</w>
    <w id="147.4">vir</w>
    <w id="147.5">die</w>
    <w id="147.6">bruidegom</w>
    <w id="147.7">,</w>
    <w id="147.8">'</w>
    <w id="147.9">n</w>
    <w id="147.10">kransie</w>
    <w id="147.11">vir</w>
    <w id="147.12">die</w>
    <w id="147.13">bruid</w>
    <w id="147.14">!</w>
    <time id="T118E" value="01:03:52,138" />
  </s>
  <s id="148">
    <time id="T119S" value="01:05:23,217" />
    <w id="148.1">Verskoon</w>
    <w id="148.2">,</w>
    <w id="148.3">skone</w>
    <w id="148.4">dame</w>
    <w id="148.5">,</w>
    <w id="148.6">ek</w>
    <w id="148.7">soek</w>
    <w id="148.8">Frau</w>
    <w id="148.9">Marthe</w>
    <w id="148.10">Schwerdtlein</w>
    <w id="148.11">!</w>
    <time id="T119E" value="01:05:29,341" />
  </s>
  <s id="149">
    <time id="T120S" value="01:06:07,247" />
    <w id="149.1">Van</w>
    <w id="149.2">jou</w>
    <w id="149.3">neef</w>
    <w id="149.4">in</w>
    <w id="149.5">Lombardië</w>
    <w id="149.6">..</w>
    <w id="149.7">!</w>
    <time id="T120E" value="01:06:13,941" />
  </s>
  <s id="150">
    <time id="T121S" value="01:06:24,770" />
    <w id="150.1">Hy</w>
    <w id="150.2">gee</w>
    <w id="150.3">my</w>
    <w id="150.4">hierdie</w>
    <w id="150.5">ketting</w>
    <w id="150.6">as</w>
    <w id="150.7">geskenk</w>
    <w id="150.8">vir</w>
    <w id="150.9">u</w>
    <w id="150.10">!</w>
    <time id="T121E" value="01:06:31,055" />
  </s>
  <s id="151">
    <time id="T122S" value="01:08:09,553" />
    <w id="151.1">Wie</w>
    <w id="151.2">ons</w>
    <w id="151.3">insluit</w>
    <w id="151.4">in</w>
    <w id="151.5">die</w>
    <w id="151.6">ring</w>
    <w id="151.7">,</w>
    <w id="151.8">sal</w>
    <w id="151.9">geliefdes</w>
    <w id="151.10">word</w>
    <w id="151.11">..</w>
    <w id="151.12">!</w>
    <time id="T122E" value="01:08:17,080" />
  </s>
  <s id="152">
    <time id="T123S" value="01:08:20,861" />
    <w id="152.1">Een</w>
    <w id="152.2">twee</w>
    <w id="152.3">drie</w>
    <w id="152.4">,</w>
    <w id="152.5">vry</w>
    <w id="152.6">is</w>
    <w id="152.7">jy</w>
    <w id="152.8">!</w>
    <time id="T123E" value="01:08:26,073" />
  </s>
  <s id="153">
    <time id="T124S" value="01:08:50,535" />
    <w id="153.1">Verskoon</w>
    <w id="153.2">,</w>
    <w id="153.3">maar</w>
    <w id="153.4">my</w>
    <w id="153.5">maag</w>
    <w id="153.6">is</w>
    <w id="153.7">te</w>
    <w id="153.8">swak</w>
    <w id="153.9">vir</w>
    <w id="153.10">so</w>
    <w id="153.11">'</w>
    <w id="153.12">n</w>
    <w id="153.13">vurige</w>
    <w id="153.14">drank</w>
    <w id="153.15">!</w>
    <time id="T124E" value="01:08:53,454" />
  </s>
  <s id="154">
    <time id="T125S" value="01:08:57,673" />
    <w id="154.1">Verskoon</w>
    <w id="154.2">dat</w>
    <w id="154.3">ek</w>
    <w id="154.4">vir</w>
    <w id="154.5">myself</w>
    <w id="154.6">'</w>
    <w id="154.7">n</w>
    <w id="154.8">drankie</w>
    <w id="154.9">meng</w>
    <w id="154.10">wat</w>
    <w id="154.11">ek</w>
    <w id="154.12">in</w>
    <w id="154.13">Padua</w>
    <w id="154.14">geleer</w>
    <w id="154.15">het</w>
    <w id="154.16">!</w>
    <time id="T125E" value="01:09:07,893" />
  </s>
  <s id="155">
    <time id="T126S" value="01:11:33,623" />
    <w id="155.1">My</w>
    <w id="155.2">vriend</w>
    <w id="155.3">,</w>
    <w id="155.4">'</w>
    <w id="155.5">n</w>
    <w id="155.6">prins</w>
    <w id="155.7">van</w>
    <w id="155.8">edelste</w>
    <w id="155.9">bloed</w>
    <w id="155.10">!</w>
    <time id="T126E" value="01:11:40,078" />
  </s>
  <s id="156">
    <time id="T127S" value="01:13:09,784" />
    <w id="156.1">Hy</w>
    <w id="156.2">bemin</w>
    <w id="156.3">my</w>
    <w id="156.4">..</w>
    <time id="T127E" value="01:13:12,304" />
  </s>
  <s id="157">
    <time id="T128S" value="01:13:13,272" />
    <w id="157.1">..</w>
    <w id="157.2">bemin</w>
    <w id="157.3">my</w>
    <w id="157.4">nie</w>
    <w id="157.5">..</w>
    <time id="T128E" value="01:13:15,873" />
  </s>
  <s id="158">
    <time id="T129S" value="01:13:22,977" />
    <w id="158.1">..</w>
    <w id="158.2">bemin</w>
    <w id="158.3">my</w>
    <w id="158.4">..</w>
    <time id="T129E" value="01:13:25,132" />
  </s>
  <s id="159">
    <time id="T130S" value="01:13:28,430" />
    <w id="159.1">Ja</w>
    <w id="159.2">,</w>
    <w id="159.3">hy</w>
    <w id="159.4">bemin</w>
    <w id="159.5">jou</w>
    <w id="159.6">van</w>
    <w id="159.7">ganser</w>
    <w id="159.8">harte</w>
    <w id="159.9">!</w>
    <time id="T130E" value="01:13:33,723" />
  </s>
  <s id="160">
    <time id="T131S" value="01:14:12,260" />
    <w id="160.1">Sy</w>
    <w id="160.2">bemin</w>
    <w id="160.3">my</w>
    <w id="160.4">..</w>
    <time id="T131E" value="01:14:15,385" />
  </s>
  <s id="161">
    <time id="T132S" value="01:14:18,556" />
    <w id="161.1">Sy</w>
    <w id="161.2">bemin</w>
    <w id="161.3">my</w>
    <w id="161.4">nie</w>
    <w id="161.5">.</w>
    <time id="T132E" value="01:14:21,235" />
  </s>
  <s id="162">
    <time id="T133S" value="01:14:23,087" />
    <w id="162.1">Sy</w>
    <w id="162.2">bemin</w>
    <w id="162.3">jou</w>
    <w id="162.4">!</w>
    <time id="T133E" value="01:14:25,527" />
  </s>
  <s id="163">
    <time id="T134S" value="01:14:52,320" />
    <w id="163.1">Ek</w>
    <w id="163.2">is</w>
    <w id="163.3">joune</w>
    <w id="163.4">vir</w>
    <w id="163.5">ewig</w>
    <w id="163.6">!</w>
    <time id="T134E" value="01:14:55,320" />
  </s>
  <s id="164">
    <time id="T135S" value="01:15:47,458" />
    <w id="164.1">Hy</w>
    <w id="164.2">bemin</w>
    <w id="164.3">my</w>
    <w id="164.4">!</w>
    <time id="T135E" value="01:15:50,025" />
  </s>
  <s id="165">
    <time id="T136S" value="01:17:09,584" />
    <w id="165.1">Waarvoor</w>
    <w id="165.2">wag</w>
    <w id="165.3">jy</w>
    <w id="165.4">?</w>
  </s>
  <s id="166">
    <w id="166.1">Jou</w>
    <w id="166.2">geliefde</w>
    <w id="166.3">verlig</w>
    <w id="166.4">self</w>
    <w id="166.5">die</w>
    <w id="166.6">pad</w>
    <w id="166.7">vir</w>
    <w id="166.8">jou</w>
    <w id="166.9">!</w>
    <time id="T136E" value="01:17:18,355" />
  </s>
  <s id="167">
    <time id="T137S" value="01:17:20,050" />
    <w id="167.1">Vervloekte</w>
    <w id="167.2">koppelaar</w>
    <w id="167.3">!</w>
    <time id="T137E" value="01:17:22,935" />
  </s>
  <s id="168">
    <time id="T138S" value="01:17:26,386" />
    <w id="168.1">Ek</w>
    <w id="168.2">sal</w>
    <w id="168.3">die</w>
    <w id="168.4">broer</w>
    <w id="168.5">uit</w>
    <w id="168.6">die</w>
    <w id="168.7">pad</w>
    <w id="168.8">hou</w>
    <w id="168.9">!</w>
    <time id="T138E" value="01:17:30,389" />
  </s>
  <s id="169">
    <time id="T139S" value="01:19:10,526" />
    <w id="169.1">Aan</w>
    <w id="169.2">die</w>
    <w id="169.3">stad</w>
    <w id="169.4">se</w>
    <w id="169.5">mooiste</w>
    <w id="169.6">meisie</w>
    <w id="169.7">!</w>
    <time id="T139E" value="01:19:16,777" />
  </s>
  <s id="170">
    <time id="T140S" value="01:19:18,626" />
    <w id="170.1">Geen</w>
    <w id="170.2">meise</w>
    <w id="170.3">is</w>
    <w id="170.4">soos</w>
    <w id="170.5">jou</w>
    <w id="170.6">suster</w>
    <w id="170.7">:</w>
  </s>
  <s id="171">
    <w id="171.1">lank</w>
    <w id="171.2">lewe</w>
    <w id="171.3">Gretchen</w>
    <w id="171.4">!</w>
    <time id="T140E" value="01:19:27,317" />
  </s>
  <s id="172">
    <time id="T141S" value="01:19:34,747" />
    <w id="172.1">'</w>
    <w id="172.2">n</w>
    <w id="172.3">Mooi</w>
    <w id="172.4">meisie</w>
    <w id="172.5">is</w>
    <w id="172.6">nie</w>
    <w id="172.7">getrou</w>
    <w id="172.8">nie</w>
    <w id="172.9">!</w>
    <time id="T141E" value="01:19:38,590" />
  </s>
  <s id="173">
    <time id="T142S" value="01:19:40,401" />
    <w id="173.1">Op</w>
    <w id="173.2">Gretchen</w>
    <w id="173.3">!</w>
    <time id="T142E" value="01:19:43,161" />
  </s>
  <s id="174">
    <time id="T143S" value="01:19:46,015" />
    <w id="174.1">Op</w>
    <w id="174.2">jou</w>
    <w id="174.3">Gretchen</w>
    <w id="174.4">!</w>
    <time id="T143E" value="01:19:49,859" />
  </s>
  <s id="175">
    <time id="T144S" value="01:19:54,075" />
    <w id="175.1">Maak</w>
    <w id="175.2">gou</w>
    <w id="175.3">,</w>
    <w id="175.4">voor</w>
    <w id="175.5">haar</w>
    <w id="175.6">minnaar</w>
    <w id="175.7">uit</w>
    <w id="175.8">haar</w>
    <w id="175.9">kamer</w>
    <w id="175.10">uitsluip</w>
    <w id="175.11">.</w>
    <time id="T144E" value="01:20:02,812" />
  </s>
  <s id="176">
    <time id="T145S" value="01:23:09,684" />
    <w id="176.1">Vlug</w>
    <w id="176.2">,</w>
    <w id="176.3">jy</w>
    <w id="176.4">het</w>
    <w id="176.5">hom</w>
    <w id="176.6">vermoor</w>
    <w id="176.7">!</w>
    <time id="T145E" value="01:23:14,725" />
  </s>
  <s id="177">
    <time id="T146S" value="01:23:23,078" />
    <w id="177.1">Moord</w>
    <w id="177.2">!</w>
    <time id="T146E" value="01:23:24,275" />
  </s>
  <s id="178">
    <time id="T147S" value="01:23:31,018" />
    <w id="178.1">Moord</w>
    <w id="178.2">...</w>
    <w id="178.3">moord</w>
    <w id="178.4">!</w>
    <time id="T147E" value="01:23:33,538" />
  </s>
  <s id="179">
    <time id="T148S" value="01:23:48,662" />
    <w id="179.1">Moord</w>
    <w id="179.2">...</w>
  </s>
  <s id="180">
    <w id="180.1">Moord</w>
    <w id="180.2">...</w>
  </s>
  <s id="181">
    <w id="181.1">Moord</w>
    <w id="181.2">!</w>
    <time id="T148E" value="01:23:53,509" />
  </s>
  <s id="182">
    <time id="T149S" value="01:24:05,103" />
    <w id="182.1">Vlug</w>
    <w id="182.2">,</w>
    <w id="182.3">hulle</w>
    <w id="182.4">soek</w>
    <w id="182.5">alreeds</w>
    <w id="182.6">na</w>
    <w id="182.7">die</w>
    <w id="182.8">moordenaar</w>
    <w id="182.9">!</w>
    <time id="T149E" value="01:24:11,308" />
  </s>
  <s id="183">
    <time id="T150S" value="01:24:38,587" />
    <w id="183.1">Moet</w>
    <w id="183.2">my</w>
    <w id="183.3">nie</w>
    <w id="183.4">aanraak</w>
    <w id="183.5">nie</w>
    <w id="183.6">,</w>
    <w id="183.7">slet</w>
    <w id="183.8">,</w>
    <w id="183.9">jou</w>
    <w id="183.10">minnaar</w>
    <w id="183.11">het</w>
    <w id="183.12">my</w>
    <w id="183.13">vermoor</w>
    <w id="183.14">!</w>
    <time id="T150E" value="01:24:46,034" />
  </s>
  <s id="184">
    <time id="T151S" value="01:24:55,309" />
    <w id="184.1">Lees</w>
    <w id="184.2">eers</w>
    <w id="184.3">die</w>
    <w id="184.4">dodemis</w>
    <w id="184.5">vir</w>
    <w id="184.6">my</w>
    <w id="184.7">!</w>
  </s>
  <s id="185">
    <w id="185.1">Dan</w>
    <w id="185.2">skandpaal</w>
    <w id="185.3">toe</w>
    <w id="185.4">met</w>
    <w id="185.5">die</w>
    <w id="185.6">slet</w>
    <w id="185.7">!</w>
    <time id="T151E" value="01:25:03,920" />
  </s>
  <s id="186">
    <time id="T152S" value="01:25:18,727" />
    <w id="186.1">Gretchen</w>
    <w id="186.2">...</w>
  </s>
  <s id="187">
    <w id="187.1">Gretchen</w>
    <w id="187.2">!</w>
    <time id="T152E" value="01:25:22,411" />
  </s>
  <s id="188">
    <time id="T153S" value="01:25:51,329" />
    <w id="188.1">Alles</w>
    <w id="188.2">bewe</w>
    <w id="188.3">wanneer</w>
    <w id="188.4">die</w>
    <w id="188.5">dode</w>
    <w id="188.6">opstaan</w>
    <w id="188.7">om</w>
    <w id="188.8">te</w>
    <w id="188.9">antwoord</w>
    <w id="188.10">voor</w>
    <w id="188.11">hulle</w>
    <w id="188.12">Here</w>
    <w id="188.13">.</w>
    <time id="T153E" value="01:26:03,750" />
  </s>
  <s id="189">
    <time id="T154S" value="01:26:12,863" />
    <w id="189.1">As</w>
    <w id="189.2">die</w>
    <w id="189.3">regters</w>
    <w id="189.4">plek</w>
    <w id="189.5">ingeneem</w>
    <w id="189.6">het</w>
    <w id="189.7">,</w>
    <w id="189.8">baat</w>
    <w id="189.9">dit</w>
    <w id="189.10">nie</w>
    <w id="189.11">meer</w>
    <w id="189.12">om</w>
    <w id="189.13">te</w>
    <w id="189.14">verberg</w>
    <w id="189.15">nie</w>
    <w id="189.16">.</w>
    <time id="T154E" value="01:26:21,634" />
  </s>
  <s id="190">
    <time id="T155S" value="01:26:23,529" />
    <w id="190.1">Alles</w>
    <w id="190.2">moet</w>
    <w id="190.3">aan</w>
    <w id="190.4">die</w>
    <w id="190.5">lig</w>
    <w id="190.6">kom</w>
    <w id="190.7">.</w>
    <time id="T155E" value="01:26:27,373" />
  </s>
  <s id="191">
    <time id="T156S" value="01:30:06,848" />
    <w id="191.1">Moeder</w>
    <w id="191.2">!</w>
  </s>
  <s id="192">
    <w id="192.1">Moeder</w>
    <w id="192.2">!</w>
    <time id="T156E" value="01:30:10,247" />
  </s>
  <s id="193">
    <time id="T157S" value="01:30:38,808" />
    <w id="193.1">En</w>
    <w id="193.2">'</w>
    <w id="193.3">n</w>
    <w id="193.4">kindjie</w>
    <w id="193.5">is</w>
    <w id="193.6">in</w>
    <w id="193.7">die</w>
    <w id="193.8">koue</w>
    <w id="193.9">winter</w>
    <w id="193.10">gebore</w>
    <w id="193.11">.</w>
    <time id="T157E" value="01:30:46,461" />
  </s>
  <s id="194">
    <time id="T158S" value="01:33:04,813" />
    <w id="194.1">Erbarm</w>
    <w id="194.2">u</w>
    <w id="194.3">oor</w>
    <w id="194.4">my</w>
    <w id="194.5">kind</w>
    <w id="194.6">!</w>
    <time id="T158E" value="01:33:09,775" />
  </s>
  <s id="195">
    <time id="T159S" value="01:33:14,558" />
    <w id="195.1">Is</w>
    <w id="195.2">jy</w>
    <w id="195.3">dan</w>
    <w id="195.4">nie</w>
    <w id="195.5">Gretchen</w>
    <w id="195.6">,</w>
    <w id="195.7">wat</w>
    <w id="195.8">aan</w>
    <w id="195.9">die</w>
    <w id="195.10">skandpaal</w>
    <w id="195.11">was</w>
    <w id="195.12">nie</w>
    <w id="195.13">?</w>
    <time id="T159E" value="01:33:19,690" />
  </s>
  <s id="196">
    <time id="T160S" value="01:33:50,087" />
    <w id="196.1">Genade</w>
    <w id="196.2">,</w>
    <w id="196.3">genade</w>
    <w id="196.4">!</w>
  </s>
  <s id="197">
    <w id="197.1">My</w>
    <w id="197.2">kind</w>
    <w id="197.3">sterf</w>
    <w id="197.4">!</w>
    <time id="T160E" value="01:33:55,127" />
  </s>
  <s id="198">
    <time id="T161S" value="01:36:23,270" />
    <w id="198.1">Sy</w>
    <w id="198.2">het</w>
    <w id="198.3">haar</w>
    <w id="198.4">kind</w>
    <w id="198.5">vermoor</w>
    <w id="198.6">!</w>
  </s>
  <s id="199">
    <w id="199.1">Gryp</w>
    <w id="199.2">haar</w>
    <w id="199.3">,</w>
    <w id="199.4">die</w>
    <w id="199.5">moordenares</w>
    <w id="199.6">!</w>
    <time id="T161E" value="01:36:31,288" />
  </s>
  <s id="200">
    <time id="T162S" value="01:36:35,340" />
    <w id="200.1">Faust</w>
    <w id="200.2">...</w>
  </s>
  <s id="201">
    <w id="201.1">Faust</w>
    <w id="201.2">...</w>
    <w id="201.3">help</w>
    <w id="201.4">jou</w>
    <w id="201.5">Gretchen</w>
    <w id="201.6">!</w>
    <time id="T162E" value="01:36:40,552" />
  </s>
  <s id="202">
    <time id="T163S" value="01:36:54,067" />
    <w id="202.1">Mephisto</w>
    <w id="202.2">!</w>
    <time id="T163E" value="01:36:56,712" />
  </s>
  <s id="203">
    <time id="T164S" value="01:36:59,801" />
    <w id="203.1">Jy</w>
    <w id="203.2">het</w>
    <w id="203.3">my</w>
    <w id="203.4">bedrieg</w>
    <w id="203.5">!</w>
  </s>
  <s id="204">
    <w id="204.1">Sy</w>
    <w id="204.2">ly</w>
    <w id="204.3">!</w>
  </s>
  <s id="205">
    <w id="205.1">...</w>
  </s>
  <s id="206">
    <w id="206.1">Sy</w>
    <w id="206.2">ly</w>
    <w id="206.3">!</w>
    <time id="T164E" value="01:37:06,006" />
  </s>
  <s id="207">
    <time id="T165S" value="01:37:11,350" />
    <w id="207.1">Brandstapel</w>
    <w id="207.2">toe</w>
    <w id="207.3">met</w>
    <w id="207.4">die</w>
    <w id="207.5">kindermoordenares</w>
    <w id="207.6">!</w>
    <time id="T165E" value="01:37:17,395" />
  </s>
  <s id="208">
    <time id="T166S" value="01:37:27,992" />
    <w id="208.1">Red</w>
    <w id="208.2">haar</w>
    <w id="208.3">,</w>
    <w id="208.4">red</w>
    <w id="208.5">Gretchen</w>
    <w id="208.6">!</w>
    <time id="T166E" value="01:37:32,280" />
  </s>
  <s id="209">
    <time id="T167S" value="01:37:34,368" />
    <w id="209.1">Te</w>
    <w id="209.2">laat</w>
    <w id="209.3">!</w>
  </s>
  <s id="210">
    <w id="210.1">Hulle</w>
    <w id="210.2">bou</w>
    <w id="210.3">al</w>
    <w id="210.4">haar</w>
    <w id="210.5">brandstapel</w>
    <w id="210.6">!</w>
    <time id="T167E" value="01:37:42,101" />
  </s>
  <s id="211">
    <time id="T168S" value="01:37:43,711" />
    <w id="211.1">Jy</w>
    <w id="211.2">is</w>
    <w id="211.3">steeds</w>
    <w id="211.4">my</w>
    <w id="211.5">dienaar</w>
    <w id="211.6">!</w>
  </s>
  <s id="212">
    <w id="212.1">Bring</w>
    <w id="212.2">my</w>
    <w id="212.3">na</w>
    <w id="212.4">haar</w>
    <w id="212.5">,</w>
    <w id="212.6">of</w>
    <w id="212.7">ons</w>
    <w id="212.8">kontrak</w>
    <w id="212.9">is</w>
    <w id="212.10">nietig</w>
    <w id="212.11">!</w>
    <time id="T168E" value="01:37:52,528" />
  </s>
  <s id="213">
    <time id="T169S" value="01:37:55,420" />
    <w id="213.1">My</w>
    <w id="213.2">mantel</w>
    <w id="213.3">wag</w>
    <w id="213.4">!</w>
  </s>
  <s id="214">
    <w id="214.1">Gou</w>
    <w id="214.2">,</w>
    <w id="214.3">voor</w>
    <w id="214.4">die</w>
    <w id="214.5">môre</w>
    <w id="214.6">breek</w>
    <w id="214.7">!</w>
    <time id="T169E" value="01:38:03,358" />
  </s>
  <s id="215">
    <time id="T170S" value="01:40:32,934" />
    <w id="215.1">Vinniger</w>
    <w id="215.2">!</w>
  </s>
  <s id="216">
    <w id="216.1">Vinniger</w>
    <w id="216.2">!</w>
    <time id="T170E" value="01:40:36,823" />
  </s>
  <s id="217">
    <time id="T171S" value="01:41:12,914" />
    <w id="217.1">Ek</w>
    <w id="217.2">moes</w>
    <w id="217.3">nie</w>
    <w id="217.4">begeer</w>
    <w id="217.5">het</w>
    <w id="217.6">wat</w>
    <w id="217.7">sulke</w>
    <w id="217.8">onheil</w>
    <w id="217.9">bring</w>
    <w id="217.10">!</w>
  </s>
  <s id="218">
    <w id="218.1">Vervloek</w>
    <w id="218.2">is</w>
    <w id="218.3">die</w>
    <w id="218.4">waan</w>
    <w id="218.5">van</w>
    <w id="218.6">jeug</w>
    <w id="218.7">.</w>
    <time id="T171E" value="01:41:27,582" />
  </s>
  <s id="219">
    <time id="T172S" value="01:41:45,837" />
    <w id="219.1">Jy</w>
    <w id="219.2">het</w>
    <w id="219.3">nou</w>
    <w id="219.4">self</w>
    <w id="219.5">die</w>
    <w id="219.6">jeug</w>
    <w id="219.7">vervloek</w>
    <w id="219.8">!</w>
  </s>
  <s id="220">
    <w id="220.1">En</w>
    <w id="220.2">ek</w>
    <w id="220.3">moet</w>
    <w id="220.4">jou</w>
    <w id="220.5">wens</w>
    <w id="220.6">vervul</w>
    <w id="220.7">!</w>
    <time id="T172E" value="01:41:58,417" />
  </s>
  <s id="221">
    <time id="T173S" value="01:42:38,087" />
    <w id="221.1">Wees</w>
    <w id="221.2">dan</w>
    <w id="221.3">nou</w>
    <w id="221.4">weer</w>
    <w id="221.5">'</w>
    <w id="221.6">n</w>
    <w id="221.7">ou</w>
    <w id="221.8">man</w>
    <w id="221.9">!</w>
    <time id="T173E" value="01:42:44,657" />
  </s>
  <s id="222">
    <time id="T174S" value="01:42:58,057" />
    <w id="222.1">Vergewe</w>
    <w id="222.2">my</w>
    <w id="222.3">my</w>
    <w id="222.4">skuld</w>
    <w id="222.5">!</w>
    <time id="T174E" value="01:43:03,269" />
  </s>
  <s id="223">
    <time id="T175S" value="01:43:49,867" />
    <w id="223.1">Gretchen</w>
    <w id="223.2">!</w>
    <time id="T175E" value="01:43:51,509" />
  </s>
  <s id="224">
    <time id="T176S" value="01:45:02,609" />
    <w id="224.1">Hier</w>
    <w id="224.2">is</w>
    <w id="224.3">nie</w>
    <w id="224.4">plek</w>
    <w id="224.5">vir</w>
    <w id="224.6">jou</w>
    <w id="224.7">nie</w>
    <w id="224.8">!</w>
    <time id="T176E" value="01:45:06,498" />
  </s>
  <s id="225">
    <time id="T177S" value="01:45:08,744" />
    <w id="225.1">My</w>
    <w id="225.2">kontrak</w>
    <w id="225.3">is</w>
    <w id="225.4">geldig</w>
    <w id="225.5">!</w>
    <time id="T177E" value="01:45:12,588" />
  </s>
  <s id="226">
    <time id="T178S" value="01:45:15,441" />
    <w id="226.1">Een</w>
    <w id="226.2">woord</w>
    <w id="226.3">maak</w>
    <w id="226.4">jou</w>
    <w id="226.5">kontrak</w>
    <w id="226.6">nietig</w>
    <w id="226.7">!</w>
    <time id="T178E" value="01:45:20,402" />
  </s>
  <s id="227">
    <time id="T179S" value="01:45:22,699" />
    <w id="227.1">Watter</w>
    <w id="227.2">woord</w>
    <w id="227.3">?</w>
    <time id="T179E" value="01:45:25,858" />
  </s>
  <s id="228">
    <time id="T180S" value="01:45:27,000" />
    <w id="228.1">Die</w>
    <w id="228.2">woord</w>
    <w id="228.3">wat</w>
    <w id="228.4">jubelend</w>
    <w id="228.5">deur</w>
    <w id="228.6">die</w>
    <w id="228.7">skepping</w>
    <w id="228.8">skal</w>
    <w id="228.9">,</w>
    <time id="T180E" value="01:45:36,045" />
    <time id="T181S" value="01:45:36,540" />
    <w id="228.10">wat</w>
    <w id="228.11">elke</w>
    <w id="228.12">smart</w>
    <w id="228.13">en</w>
    <w id="228.14">kommer</w>
    <w id="228.15">stilmaak</w>
    <w id="228.16">,</w>
    <time id="T181E" value="01:45:45,654" />
    <time id="T182S" value="01:45:45,904" />
    <w id="228.17">wat</w>
    <w id="228.18">alle</w>
    <w id="228.19">menseskuld</w>
    <w id="228.20">verskoon</w>
    <w id="228.21">,</w>
    <w id="228.22">Die</w>
    <w id="228.23">ewige</w>
    <w id="228.24">woord</w>
    <w id="228.25">.</w>
    <time id="T182E" value="01:45:52,404" />
  </s>
  <s id="229">
    <time id="T183S" value="01:45:52,654" />
    <w id="229.1">Watter</w>
    <w id="229.2">woord</w>
    <w id="229.3">?</w>
    <time id="T183E" value="01:45:55,893" />
  </s>
  <s id="230">
    <time id="T184S" value="01:46:03,000" />
    <w id="230.1">Liefde</w>
    <w id="230.2">!</w>
    <time id="T184E" value="01:46:07,961" />
  </s>
  <meta>
    <subtitle>
      <cds>1/1</cds>
      <blocks>184</blocks>
      <date>2014-08-31</date>
      <language>Afrikaans</language>
      <confidence>1.0</confidence>
      <duration>01:46:07,961</duration>
    </subtitle>
    <conversion>
      <unknown_words>0</unknown_words>
      <encoding>utf-8</encoding>
      <truecased_words>0</truecased_words>
      <tokens>1590</tokens>
      <sentences>230</sentences>
      <ignored_blocks>0</ignored_blocks>
      <corrected_words>0</corrected_words>
    </conversion>
    <source>
      <country>Germany</country>
      <duration>85</duration>
      <year>1926</year>
      <original>German</original>
      <genre>Drama,Fantasy,Horror</genre>
    </source>
  </meta>
</document>
