<?xml version="1.0" encoding="utf-8"?>
<document id="5629158">
  <s id="1">
    <time id="T1S" value="00:00:32,833" />
    <w id="1.1">Stilte</w>
    <w id="1.2">,</w>
    <w id="1.3">moenie</w>
    <w id="1.4">gesels</w>
    <w id="1.5">nie</w>
    <w id="1.6">,</w>
    <time id="T1E" value="00:00:37,673" />
    <time id="T2S" value="00:00:37,923" />
    <w id="1.7">gee</w>
    <w id="1.8">aandag</w>
    <w id="1.9">aan</w>
    <w id="1.10">wat</w>
    <w id="1.11">gebeur</w>
    <w id="1.12">:</w>
    <time id="T2E" value="00:00:44,625" />
  </s>
  <s id="2">
    <time id="T3S" value="00:00:44,875" />
    <w id="2.1">Hier</w>
    <w id="2.2">kom</w>
    <w id="2.3">heer</w>
    <w id="2.4">Schlendrian</w>
    <time id="T3E" value="00:00:49,980" />
    <time id="T4S" value="00:00:50,230" />
    <w id="2.5">met</w>
    <w id="2.6">sy</w>
    <w id="2.7">dogter</w>
    <w id="2.8">,</w>
    <w id="2.9">Lieschen</w>
    <w id="2.10">;</w>
    <time id="T4E" value="00:00:54,336" />
  </s>
  <s id="3">
    <time id="T5S" value="00:00:54,729" />
    <w id="3.1">Hy</w>
    <w id="3.2">brul</w>
    <w id="3.3">soos</w>
    <w id="3.4">'</w>
    <w id="3.5">n</w>
    <w id="3.6">beer</w>
    <w id="3.7">!</w>
    <time id="T5E" value="00:00:58,885" />
  </s>
  <s id="4">
    <time id="T6S" value="00:00:59,135" />
    <w id="4.1">Luister</w>
    <w id="4.2">self</w>
    <w id="4.3">,</w>
    <time id="T6E" value="00:01:03,622" />
    <time id="T7S" value="00:01:03,872" />
    <w id="4.4">wat</w>
    <w id="4.5">sy</w>
    <w id="4.6">hom</w>
    <w id="4.7">aangedoen</w>
    <w id="4.8">het</w>
    <w id="4.9">.</w>
    <time id="T7E" value="00:01:11,285" />
  </s>
  <s id="5">
    <time id="T8S" value="00:01:27,362" />
    <w id="5.1">Het</w>
    <w id="5.2">mens</w>
    <w id="5.3">nie</w>
    <w id="5.4">van</w>
    <w id="5.5">sy</w>
    <w id="5.6">kinders</w>
    <w id="5.7">honderduisend</w>
    <w id="5.8">beproewinge</w>
    <w id="5.9">nie</w>
    <w id="5.10">?</w>
    <time id="T8E" value="00:01:54,149" />
  </s>
  <s id="6">
    <time id="T9S" value="00:02:02,448" />
    <w id="6.1">Wat</w>
    <w id="6.2">ek</w>
    <w id="6.3">daagliks</w>
    <w id="6.4">vir</w>
    <w id="6.5">my</w>
    <w id="6.6">dogter</w>
    <w id="6.7">Lieschen</w>
    <w id="6.8">sȇ</w>
    <w id="6.9">,</w>
    <w id="6.10">is</w>
    <w id="6.11">totaal</w>
    <w id="6.12">vrugteloos</w>
    <w id="6.13">!</w>
    <time id="T9E" value="00:02:55,867" />
  </s>
  <s id="7">
    <time id="T10S" value="00:02:58,521" />
    <w id="7.1">Het</w>
    <w id="7.2">mens</w>
    <w id="7.3">nie</w>
    <w id="7.4">van</w>
    <w id="7.5">sy</w>
    <w id="7.6">kinders</w>
    <w id="7.7">honderduisend</w>
    <w id="7.8">beproewinge</w>
    <w id="7.9">nie</w>
    <w id="7.10">?</w>
    <time id="T10E" value="00:03:32,996" />
  </s>
  <s id="8">
    <time id="T11S" value="00:03:48,136" />
    <w id="8.1">Jou</w>
    <w id="8.2">stoute</w>
    <w id="8.3">en</w>
    <w id="8.4">ongehoorsame</w>
    <w id="8.5">kind</w>
    <w id="8.6">!</w>
    <time id="T11E" value="00:03:53,713" />
  </s>
  <s id="9">
    <time id="T12S" value="00:03:53,963" />
    <w id="9.1">Wanneer</w>
    <w id="9.2">gaan</w>
    <w id="9.3">jy</w>
    <w id="9.4">na</w>
    <w id="9.5">my</w>
    <w id="9.6">luister</w>
    <w id="9.7">?</w>
    <time id="T12E" value="00:04:01,052" />
  </s>
  <s id="10">
    <time id="T13S" value="00:04:01,302" />
    <w id="10.1">Hou</w>
    <w id="10.2">op</w>
    <w id="10.3">koffie</w>
    <w id="10.4">drink</w>
    <w id="10.5">!</w>
    <time id="T13E" value="00:04:05,365" />
  </s>
  <s id="11">
    <time id="T14S" value="00:04:05,615" />
    <w id="11.1">Pa</w>
    <w id="11.2">,</w>
    <w id="11.3">moenie</w>
    <w id="11.4">so</w>
    <w id="11.5">streng</w>
    <w id="11.6">wees</w>
    <w id="11.7">nie</w>
    <w id="11.8">,</w>
    <time id="T14E" value="00:04:10,821" />
  </s>
  <s id="12">
    <time id="T15S" value="00:04:11,071" />
    <w id="12.1">As</w>
    <w id="12.2">ek</w>
    <w id="12.3">nie</w>
    <w id="12.4">drie</w>
    <w id="12.5">koppies</w>
    <w id="12.6">per</w>
    <w id="12.7">dag</w>
    <time id="T15E" value="00:04:16,348" />
    <time id="T16S" value="00:04:16,598" />
    <w id="12.8">kan</w>
    <w id="12.9">drink</w>
    <w id="12.10">nie</w>
    <w id="12.11">,</w>
    <w id="12.12">dan</w>
    <w id="12.13">sal</w>
    <w id="12.14">ek</w>
    <w id="12.15">sekerlik</w>
    <time id="T16E" value="00:04:21,049" />
    <time id="T17S" value="00:04:21,549" />
    <w id="12.16">opkrul</w>
    <w id="12.17">soos</w>
    <w id="12.18">'</w>
    <w id="12.19">n</w>
    <w id="12.20">stuk</w>
    <w id="12.21">bokvleis</w>
    <w id="12.22">.</w>
    <time id="T17E" value="00:04:31,301" />
  </s>
  <s id="13">
    <time id="T18S" value="00:05:02,881" />
    <w id="13.1">O</w>
    <w id="13.2">,</w>
    <w id="13.3">hoe</w>
    <w id="13.4">heerlik</w>
    <w id="13.5">is</w>
    <w id="13.6">koffie</w>
    <w id="13.7">,</w>
    <time id="T18E" value="00:05:07,292" />
    <time id="T19S" value="00:05:07,542" />
    <w id="13.8">heerliker</w>
    <w id="13.9">as</w>
    <w id="13.10">duisend</w>
    <w id="13.11">soene</w>
    <w id="13.12">,</w>
    <time id="T19E" value="00:05:11,890" />
    <time id="T20S" value="00:05:12,140" />
    <w id="13.13">sagter</w>
    <w id="13.14">as</w>
    <w id="13.15">muskadelwyn</w>
    <w id="13.16">.</w>
    <time id="T20E" value="00:05:15,837" />
  </s>
  <s id="14">
    <time id="T21S" value="00:05:16,087" />
    <w id="14.1">Ai</w>
    <w id="14.2">!</w>
  </s>
  <s id="15">
    <w id="15.1">ek</w>
    <w id="15.2">is</w>
    <w id="15.3">lief</w>
    <w id="15.4">vir</w>
    <w id="15.5">koffie</w>
    <w id="15.6">!</w>
    <time id="T21E" value="00:05:22,107" />
  </s>
  <s id="16">
    <time id="T22S" value="00:05:22,357" />
    <w id="16.1">Wat</w>
    <w id="16.2">'</w>
    <w id="16.3">n</w>
    <w id="16.4">troos</w>
    <w id="16.5">om</w>
    <w id="16.6">te</w>
    <w id="16.7">drink</w>
    <w id="16.8">!</w>
    <time id="T22E" value="00:05:31,766" />
  </s>
  <s id="17">
    <time id="T23S" value="00:05:32,266" />
    <w id="17.1">Ek</w>
    <w id="17.2">is</w>
    <w id="17.3">lief</w>
    <w id="17.4">vir</w>
    <w id="17.5">koffie</w>
    <w id="17.6">se</w>
    <w id="17.7">soetheid</w>
    <w id="17.8">,</w>
    <time id="T23E" value="00:05:37,350" />
    <time id="T24S" value="00:05:37,745" />
    <w id="17.9">heerliker</w>
    <w id="17.10">as</w>
    <w id="17.11">duisend</w>
    <w id="17.12">soene</w>
    <w id="17.13">,</w>
    <time id="T24E" value="00:05:41,889" />
    <time id="T25S" value="00:05:42,139" />
    <w id="17.14">sagter</w>
    <w id="17.15">as</w>
    <w id="17.16">muskadelwyn</w>
    <w id="17.17">.</w>
    <time id="T25E" value="00:05:51,968" />
  </s>
  <s id="18">
    <time id="T26S" value="00:06:05,325" />
    <w id="18.1">Koffie</w>
    <w id="18.2">,</w>
    <w id="18.3">koffie</w>
    <w id="18.4">moet</w>
    <w id="18.5">ek</w>
    <w id="18.6">hȇ</w>
    <w id="18.7">!</w>
    <time id="T26E" value="00:06:12,912" />
  </s>
  <s id="19">
    <time id="T27S" value="00:06:13,162" />
    <w id="19.1">As</w>
    <w id="19.2">iemand</w>
    <w id="19.3">my</w>
    <w id="19.4">wil</w>
    <w id="19.5">trakteer</w>
    <w id="19.6">,</w>
    <time id="T27E" value="00:06:20,528" />
    <time id="T28S" value="00:06:20,778" />
    <w id="19.7">skink</w>
    <w id="19.8">dan</w>
    <w id="19.9">vir</w>
    <w id="19.10">my</w>
    <w id="19.11">koffie</w>
    <w id="19.12">in</w>
    <w id="19.13">!</w>
    <time id="T28E" value="00:06:28,864" />
  </s>
  <s id="20">
    <time id="T29S" value="00:06:41,053" />
    <w id="20.1">Koffie</w>
    <w id="20.2">,</w>
    <w id="20.3">koffie</w>
    <w id="20.4">moet</w>
    <w id="20.5">ek</w>
    <w id="20.6">hȇ</w>
    <w id="20.7">!</w>
    <time id="T29E" value="00:06:47,626" />
  </s>
  <s id="21">
    <time id="T30S" value="00:06:47,926" />
    <w id="21.1">As</w>
    <w id="21.2">iemand</w>
    <w id="21.3">my</w>
    <w id="21.4">wil</w>
    <w id="21.5">trakteer</w>
    <w id="21.6">,</w>
    <time id="T30E" value="00:06:54,801" />
    <time id="T31S" value="00:06:55,056" />
    <w id="21.7">skink</w>
    <w id="21.8">dan</w>
    <w id="21.9">vir</w>
    <w id="21.10">my</w>
    <w id="21.11">koffie</w>
    <w id="21.12">in</w>
    <w id="21.13">!</w>
    <time id="T31E" value="00:07:14,166" />
  </s>
  <s id="22">
    <time id="T32S" value="00:07:27,018" />
    <w id="22.1">O</w>
    <w id="22.2">,</w>
    <w id="22.3">hoe</w>
    <w id="22.4">heerlik</w>
    <w id="22.5">is</w>
    <w id="22.6">koffie</w>
    <w id="22.7">!</w>
    <time id="T32E" value="00:07:31,696" />
  </s>
  <s id="23">
    <time id="T33S" value="00:07:31,976" />
    <w id="23.1">heerliker</w>
    <w id="23.2">as</w>
    <w id="23.3">duisend</w>
    <w id="23.4">soene</w>
    <w id="23.5">,</w>
    <time id="T33E" value="00:07:36,457" />
    <time id="T34S" value="00:07:36,707" />
    <w id="23.6">sagter</w>
    <w id="23.7">as</w>
    <w id="23.8">muskadelwyn</w>
    <w id="23.9">.</w>
    <time id="T34E" value="00:07:41,008" />
  </s>
  <s id="24">
    <time id="T35S" value="00:07:41,258" />
    <w id="24.1">Ai</w>
    <w id="24.2">,</w>
    <w id="24.3">ek</w>
    <w id="24.4">is</w>
    <w id="24.5">lief</w>
    <w id="24.6">vir</w>
    <w id="24.7">koffie</w>
    <w id="24.8">!</w>
    <time id="T35E" value="00:07:47,208" />
  </s>
  <s id="25">
    <time id="T36S" value="00:07:47,458" />
    <w id="25.1">Wat</w>
    <w id="25.2">'</w>
    <w id="25.3">n</w>
    <w id="25.4">troos</w>
    <w id="25.5">om</w>
    <w id="25.6">te</w>
    <w id="25.7">drink</w>
    <w id="25.8">!</w>
    <time id="T36E" value="00:07:57,564" />
  </s>
  <s id="26">
    <time id="T37S" value="00:07:58,064" />
    <w id="26.1">Ek</w>
    <w id="26.2">is</w>
    <w id="26.3">lief</w>
    <w id="26.4">vir</w>
    <w id="26.5">koffie</w>
    <w id="26.6">se</w>
    <w id="26.7">soetheid</w>
    <w id="26.8">,</w>
    <time id="T37E" value="00:08:14,281" />
    <time id="T38S" value="00:08:14,781" />
    <w id="26.9">heerliker</w>
    <w id="26.10">as</w>
    <w id="26.11">duisend</w>
    <w id="26.12">soene</w>
    <w id="26.13">,</w>
    <time id="T38E" value="00:08:18,264" />
    <time id="T39S" value="00:08:18,612" />
    <w id="26.14">sagter</w>
    <w id="26.15">as</w>
    <w id="26.16">muskadelwyn</w>
    <w id="26.17">.</w>
    <time id="T39E" value="00:08:31,210" />
  </s>
  <s id="27">
    <time id="T40S" value="00:09:08,569" />
    <w id="27.1">As</w>
    <w id="27.2">jy</w>
    <w id="27.3">weier</w>
    <w id="27.4">om</w>
    <w id="27.5">koffie</w>
    <w id="27.6">te</w>
    <w id="27.7">los</w>
    <w id="27.8">,</w>
    <time id="T40E" value="00:09:12,147" />
    <time id="T41S" value="00:09:12,647" />
    <w id="27.9">dan</w>
    <w id="27.10">gaan</w>
    <w id="27.11">jy</w>
    <w id="27.12">na</w>
    <w id="27.13">geen</w>
    <w id="27.14">bruilof</w>
    <w id="27.15">nie</w>
    <w id="27.16">!</w>
    <time id="T41E" value="00:09:16,512" />
  </s>
  <s id="28">
    <time id="T42S" value="00:09:16,762" />
    <w id="28.1">en</w>
    <w id="28.2">ook</w>
    <w id="28.3">nie</w>
    <w id="28.4">gaan</w>
    <w id="28.5">wandel</w>
    <w id="28.6">nie</w>
    <w id="28.7">.</w>
    <time id="T42E" value="00:09:19,600" />
  </s>
  <s id="29">
    <time id="T43S" value="00:09:19,850" />
    <w id="29.1">Ag</w>
    <w id="29.2">ja</w>
    <w id="29.3">,</w>
    <w id="29.4">los</w>
    <w id="29.5">tog</w>
    <w id="29.6">net</w>
    <w id="29.7">my</w>
    <w id="29.8">koffie</w>
    <w id="29.9">.</w>
    <time id="T43E" value="00:09:27,552" />
  </s>
  <s id="30">
    <time id="T44S" value="00:09:27,802" />
    <w id="30.1">Nou</w>
    <w id="30.2">het</w>
    <w id="30.3">ek</w>
    <w id="30.4">die</w>
    <w id="30.5">klein</w>
    <w id="30.6">snip</w>
    <w id="30.7">!</w>
    <time id="T44E" value="00:09:30,235" />
  </s>
  <s id="31">
    <time id="T45S" value="00:09:30,694" />
    <w id="31.1">Ek</w>
    <w id="31.2">gaan</w>
    <w id="31.3">nie</w>
    <w id="31.4">vir</w>
    <w id="31.5">jou</w>
    <w id="31.6">'</w>
    <w id="31.7">n</w>
    <w id="31.8">wye</w>
    <w id="31.9">romp</w>
    <time id="T45E" value="00:09:33,486" />
    <time id="T46S" value="00:09:33,579" />
    <w id="31.10">soos</w>
    <w id="31.11">die</w>
    <w id="31.12">nuutste</w>
    <w id="31.13">mode</w>
    <w id="31.14">koop</w>
    <w id="31.15">nie</w>
    <w id="31.16">!</w>
    <time id="T46E" value="00:09:36,156" />
  </s>
  <s id="32">
    <time id="T47S" value="00:09:36,406" />
    <w id="32.1">Dis</w>
    <w id="32.2">te</w>
    <w id="32.3">verstane</w>
    <w id="32.4">.</w>
    <time id="T47E" value="00:09:39,453" />
  </s>
  <s id="33">
    <time id="T48S" value="00:09:39,953" />
    <w id="33.1">Jy</w>
    <w id="33.2">mag</w>
    <w id="33.3">nie</w>
    <w id="33.4">meer</w>
    <w id="33.5">by</w>
    <w id="33.6">die</w>
    <w id="33.7">venster</w>
    <w id="33.8">na</w>
    <time id="T48E" value="00:09:43,053" />
    <time id="T49S" value="00:09:43,303" />
    <w id="33.9">die</w>
    <w id="33.10">verbygangers</w>
    <w id="33.11">staan</w>
    <w id="33.12">en</w>
    <w id="33.13">kyk</w>
    <w id="33.14">nie</w>
    <w id="33.15">.</w>
    <time id="T49E" value="00:09:46,861" />
  </s>
  <s id="34">
    <time id="T50S" value="00:09:47,162" />
    <w id="34.1">Dis</w>
    <w id="34.2">ook</w>
    <w id="34.3">goed</w>
    <w id="34.4">,</w>
    <w id="34.5">ek</w>
    <w id="34.6">vra</w>
    <w id="34.7">net</w>
    <w id="34.8">:</w>
    <time id="T50E" value="00:09:50,971" />
  </s>
  <s id="35">
    <time id="T51S" value="00:09:51,221" />
    <w id="35.1">Los</w>
    <w id="35.2">tog</w>
    <w id="35.3">net</w>
    <w id="35.4">my</w>
    <w id="35.5">koffie</w>
    <w id="35.6">uit</w>
    <w id="35.7">!</w>
    <time id="T51E" value="00:09:58,076" />
  </s>
  <s id="36">
    <time id="T52S" value="00:09:58,576" />
    <w id="36.1">Jy</w>
    <w id="36.2">sal</w>
    <w id="36.3">ook</w>
    <w id="36.4">nie</w>
    <w id="36.5">by</w>
    <w id="36.6">my</w>
    <time id="T52E" value="00:10:00,816" />
    <time id="T53S" value="00:10:01,066" />
    <w id="36.7">'</w>
    <w id="36.8">n</w>
    <w id="36.9">silwer</w>
    <w id="36.10">of</w>
    <w id="36.11">goue</w>
    <w id="36.12">kettingkie</w>
    <time id="T53E" value="00:10:04,763" />
    <time id="T54S" value="00:10:05,013" />
    <w id="36.13">vir</w>
    <w id="36.14">jou</w>
    <w id="36.15">hals</w>
    <w id="36.16">kry</w>
    <w id="36.17">nie</w>
    <w id="36.18">!</w>
    <time id="T54E" value="00:10:07,387" />
  </s>
  <s id="37">
    <time id="T55S" value="00:10:07,637" />
    <w id="37.1">Ja</w>
    <w id="37.2">,</w>
    <w id="37.3">ja</w>
    <w id="37.4">,</w>
    <w id="37.5">los</w>
    <w id="37.6">net</w>
    <w id="37.7">my</w>
    <w id="37.8">plesiertjie</w>
    <w id="37.9">!</w>
    <time id="T55E" value="00:10:13,030" />
  </s>
  <s id="38">
    <time id="T56S" value="00:10:13,280" />
    <w id="38.1">Lieschen</w>
    <w id="38.2">,</w>
    <w id="38.3">jou</w>
    <w id="38.4">balhorige</w>
    <w id="38.5">!</w>
    <time id="T56E" value="00:10:17,163" />
  </s>
  <s id="39">
    <time id="T57S" value="00:10:17,413" />
    <w id="39.1">sal</w>
    <w id="39.2">jy</w>
    <w id="39.3">alles</w>
    <w id="39.4">dan</w>
    <w id="39.5">prysgee</w>
    <w id="39.6">?</w>
    <time id="T57E" value="00:10:22,434" />
  </s>
  <s id="40">
    <time id="T58S" value="00:10:37,022" />
    <w id="40.1">Meisies</w>
    <w id="40.2">wat</w>
    <w id="40.3">hardkoppig</w>
    <w id="40.4">is</w>
    <w id="40.5">,</w>
    <w id="40.6">is</w>
    <w id="40.7">nie</w>
    <w id="40.8">maklik</w>
    <w id="40.9">om</w>
    <w id="40.10">te</w>
    <w id="40.11">oortuig</w>
    <w id="40.12">nie</w>
    <w id="40.13">!</w>
    <time id="T58E" value="00:11:31,141" />
  </s>
  <s id="41">
    <time id="T59S" value="00:11:36,064" />
    <w id="41.1">Maar</w>
    <w id="41.2">as</w>
    <w id="41.3">jy</w>
    <w id="41.4">hulle</w>
    <w id="41.5">swakplek</w>
    <w id="41.6">kry</w>
    <w id="41.7">,</w>
    <w id="41.8">kan</w>
    <w id="41.9">jy</w>
    <w id="41.10">suksesvol</w>
    <w id="41.11">wees</w>
    <w id="41.12">!</w>
    <time id="T59E" value="00:12:43,100" />
  </s>
  <s id="42">
    <time id="T60S" value="00:13:00,165" />
    <w id="42.1">Luister</w>
    <w id="42.2">nou</w>
    <w id="42.3">mooi</w>
    <w id="42.4">wat</w>
    <w id="42.5">jou</w>
    <w id="42.6">pa</w>
    <w id="42.7">sȇ</w>
    <w id="42.8">:</w>
    <time id="T60E" value="00:13:05,831" />
  </s>
  <s id="43">
    <time id="T61S" value="00:13:06,081" />
    <w id="43.1">In</w>
    <w id="43.2">alles</w>
    <w id="43.3">,</w>
    <w id="43.4">behalwe</w>
    <w id="43.5">koffie</w>
    <w id="43.6">!</w>
    <time id="T61E" value="00:13:10,882" />
  </s>
  <s id="44">
    <time id="T62S" value="00:13:11,132" />
    <w id="44.1">Jy</w>
    <w id="44.2">moet</w>
    <w id="44.3">jou</w>
    <w id="44.4">daarin</w>
    <w id="44.5">berus</w>
    <time id="T62E" value="00:13:16,072" />
    <time id="T63S" value="00:13:16,322" />
    <w id="44.6">om</w>
    <w id="44.7">nooit</w>
    <w id="44.8">'</w>
    <w id="44.9">n</w>
    <w id="44.10">man</w>
    <w id="44.11">te</w>
    <w id="44.12">kry</w>
    <w id="44.13">nie</w>
    <w id="44.14">!</w>
    <time id="T63E" value="00:13:20,159" />
  </s>
  <s id="45">
    <time id="T64S" value="00:13:20,409" />
    <w id="45.1">Wat</w>
    <w id="45.2">pa</w>
    <w id="45.3">?</w>
  </s>
  <s id="46">
    <w id="46.1">Nie</w>
    <w id="46.2">'</w>
    <w id="46.3">n</w>
    <w id="46.4">man</w>
    <w id="46.5">nie</w>
    <w id="46.6">?</w>
  </s>
  <s id="47">
    <w id="47.1">!</w>
    <time id="T64E" value="00:13:29,144" />
  </s>
  <s id="48">
    <time id="T65S" value="00:13:29,394" />
    <w id="48.1">Ek</w>
    <w id="48.2">sweer</w>
    <w id="48.3">dit</w>
    <w id="48.4">sal</w>
    <w id="48.5">nie</w>
    <w id="48.6">gebeur</w>
    <w id="48.7">nie</w>
    <w id="48.8">!</w>
    <time id="T65E" value="00:13:33,173" />
  </s>
  <s id="49">
    <time id="T66S" value="00:13:33,423" />
    <w id="49.1">Tensy</w>
    <w id="49.2">ek</w>
    <w id="49.3">koffie</w>
    <w id="49.4">los</w>
    <w id="49.5">?</w>
    <time id="T66E" value="00:13:35,740" />
  </s>
  <s id="50">
    <time id="T67S" value="00:13:35,990" />
    <w id="50.1">Dan</w>
    <w id="50.2">raak</w>
    <w id="50.3">ek</w>
    <w id="50.4">nie</w>
    <w id="50.5">weer</w>
    <w id="50.6">aan</w>
    <w id="50.7">koffie</w>
    <w id="50.8">nie</w>
    <w id="50.9">!</w>
    <time id="T67E" value="00:13:42,381" />
  </s>
  <s id="51">
    <time id="T68S" value="00:13:42,631" />
    <w id="51.1">Hoor</w>
    <w id="51.2">,</w>
    <w id="51.3">pa</w>
    <w id="51.4">,</w>
    <w id="51.5">ek</w>
    <w id="51.6">drink</w>
    <w id="51.7">nie</w>
    <w id="51.8">weer</w>
    <w id="51.9">nie</w>
    <w id="51.10">!</w>
    <time id="T68E" value="00:13:47,628" />
  </s>
  <s id="52">
    <time id="T69S" value="00:13:47,878" />
    <w id="52.1">Dan</w>
    <w id="52.2">sal</w>
    <w id="52.3">jy</w>
    <w id="52.4">eindelik</w>
    <w id="52.5">een</w>
    <w id="52.6">kry</w>
    <w id="52.7">!</w>
    <time id="T69E" value="00:13:56,498" />
  </s>
  <s id="53">
    <time id="T70S" value="00:14:24,025" />
    <w id="53.1">Vandag</w>
    <w id="53.2">nog</w>
    <w id="53.3">,</w>
    <w id="53.4">liewe</w>
    <w id="53.5">pa</w>
    <w id="53.6">,</w>
    <w id="53.7">sorg</w>
    <w id="53.8">tog</w>
    <w id="53.9">!</w>
    <time id="T70E" value="00:14:51,180" />
  </s>
  <s id="54">
    <time id="T71S" value="00:14:51,430" />
    <w id="54.1">O</w>
    <w id="54.2">,</w>
    <w id="54.3">'</w>
    <w id="54.4">n</w>
    <w id="54.5">man</w>
    <w id="54.6">!</w>
  </s>
  <s id="55">
    <w id="55.1">Dit</w>
    <w id="55.2">pas</w>
    <w id="55.3">my</w>
    <w id="55.4">goed</w>
    <w id="55.5">!</w>
    <time id="T71E" value="00:14:59,807" />
  </s>
  <s id="56">
    <time id="T72S" value="00:15:00,057" />
    <w id="56.1">Vandag</w>
    <w id="56.2">nog</w>
    <w id="56.3">,</w>
    <w id="56.4">liewe</w>
    <w id="56.5">pa</w>
    <w id="56.6">,</w>
    <w id="56.7">sorg</w>
    <w id="56.8">tog</w>
    <w id="56.9">!</w>
    <time id="T72E" value="00:15:08,945" />
  </s>
  <s id="57">
    <time id="T73S" value="00:15:09,195" />
    <w id="57.1">Ag</w>
    <w id="57.2">'</w>
    <w id="57.3">n</w>
    <w id="57.4">man</w>
    <w id="57.5">!</w>
  </s>
  <s id="58">
    <w id="58.1">Dit</w>
    <w id="58.2">pas</w>
    <w id="58.3">my</w>
    <w id="58.4">goed</w>
    <w id="58.5">!</w>
    <time id="T73E" value="00:15:17,629" />
  </s>
  <s id="59">
    <time id="T74S" value="00:15:17,945" />
    <w id="59.1">Vandag</w>
    <w id="59.2">nog</w>
    <w id="59.3">,</w>
    <w id="59.4">liewe</w>
    <w id="59.5">pa</w>
    <w id="59.6">,</w>
    <w id="59.7">sorg</w>
    <w id="59.8">tog</w>
    <w id="59.9">!</w>
    <time id="T74E" value="00:15:54,629" />
  </s>
  <s id="60">
    <time id="T75S" value="00:15:54,879" />
    <w id="60.1">Ag</w>
    <w id="60.2">'</w>
    <w id="60.3">n</w>
    <w id="60.4">man</w>
    <w id="60.5">!</w>
  </s>
  <s id="61">
    <w id="61.1">Dit</w>
    <w id="61.2">pas</w>
    <w id="61.3">my</w>
    <w id="61.4">goed</w>
    <w id="61.5">!</w>
    <time id="T75E" value="00:16:30,122" />
  </s>
  <s id="62">
    <time id="T76S" value="00:16:30,372" />
    <w id="62.1">Vandag</w>
    <w id="62.2">nog</w>
    <w id="62.3">,</w>
    <w id="62.4">liewe</w>
    <w id="62.5">pa</w>
    <w id="62.6">,</w>
    <w id="62.7">sorg</w>
    <w id="62.8">tog</w>
    <w id="62.9">!</w>
    <time id="T76E" value="00:16:40,037" />
  </s>
  <s id="63">
    <time id="T77S" value="00:16:55,664" />
    <w id="63.1">Laat</w>
    <w id="63.2">dit</w>
    <w id="63.3">dan</w>
    <w id="63.4">wees</w>
    <w id="63.5">dat</w>
    <w id="63.6">ek</w>
    <w id="63.7">saans</w>
    <w id="63.8">ipv</w>
    <w id="63.9">.</w>
  </s>
  <s id="64">
    <w id="64.1">koffie</w>
    <w id="64.2">,</w>
    <w id="64.3">liewer</w>
    <w id="64.4">'</w>
    <w id="64.5">n</w>
    <w id="64.6">minnaar</w>
    <w id="64.7">kry</w>
    <w id="64.8">!</w>
    <time id="T77E" value="00:18:28,218" />
  </s>
  <s id="65">
    <time id="T78S" value="00:18:53,641" />
    <w id="65.1">Vandag</w>
    <w id="65.2">nog</w>
    <w id="65.3">,</w>
    <w id="65.4">liewe</w>
    <w id="65.5">pa</w>
    <w id="65.6">,</w>
    <w id="65.7">sorg</w>
    <w id="65.8">tog</w>
    <w id="65.9">!</w>
    <time id="T78E" value="00:19:21,253" />
  </s>
  <s id="66">
    <time id="T79S" value="00:19:21,688" />
    <w id="66.1">Ag</w>
    <w id="66.2">'</w>
    <w id="66.3">n</w>
    <w id="66.4">man</w>
    <w id="66.5">!</w>
  </s>
  <s id="67">
    <w id="67.1">Dit</w>
    <w id="67.2">pas</w>
    <w id="67.3">my</w>
    <w id="67.4">goed</w>
    <w id="67.5">!</w>
    <time id="T79E" value="00:19:30,051" />
  </s>
  <s id="68">
    <time id="T80S" value="00:19:30,301" />
    <w id="68.1">Vandag</w>
    <w id="68.2">nog</w>
    <w id="68.3">,</w>
    <w id="68.4">liewe</w>
    <w id="68.5">pa</w>
    <w id="68.6">,</w>
    <w id="68.7">sorg</w>
    <w id="68.8">tog</w>
    <w id="68.9">!</w>
    <time id="T80E" value="00:19:38,213" />
  </s>
  <s id="69">
    <time id="T81S" value="00:19:38,463" />
    <w id="69.1">Ag</w>
    <w id="69.2">'</w>
    <w id="69.3">n</w>
    <w id="69.4">man</w>
    <w id="69.5">!</w>
  </s>
  <s id="70">
    <w id="70.1">Dit</w>
    <w id="70.2">pas</w>
    <w id="70.3">my</w>
    <w id="70.4">goed</w>
    <w id="70.5">!</w>
    <time id="T81E" value="00:19:47,572" />
  </s>
  <s id="71">
    <time id="T82S" value="00:19:47,822" />
    <w id="71.1">Vandag</w>
    <w id="71.2">nog</w>
    <w id="71.3">,</w>
    <w id="71.4">liewe</w>
    <w id="71.5">pa</w>
    <w id="71.6">,</w>
    <w id="71.7">sorg</w>
    <w id="71.8">tog</w>
    <w id="71.9">!</w>
    <time id="T82E" value="00:20:25,015" />
  </s>
  <s id="72">
    <time id="T83S" value="00:20:25,265" />
    <w id="72.1">Ag</w>
    <w id="72.2">'</w>
    <w id="72.3">n</w>
    <w id="72.4">man</w>
    <w id="72.5">!</w>
  </s>
  <s id="73">
    <w id="73.1">Dit</w>
    <w id="73.2">pas</w>
    <w id="73.3">my</w>
    <w id="73.4">goed</w>
    <w id="73.5">!</w>
    <time id="T83E" value="00:21:00,239" />
  </s>
  <s id="74">
    <time id="T84S" value="00:21:00,489" />
    <w id="74.1">Vandag</w>
    <w id="74.2">nog</w>
    <w id="74.3">,</w>
    <w id="74.4">liewe</w>
    <w id="74.5">pa</w>
    <w id="74.6">,</w>
    <w id="74.7">sorg</w>
    <w id="74.8">tog</w>
    <w id="74.9">!</w>
    <time id="T84E" value="00:21:10,572" />
  </s>
  <s id="75">
    <time id="T85S" value="00:21:35,069" />
    <w id="75.1">Nou</w>
    <w id="75.2">gaan</w>
    <w id="75.3">soek</w>
    <w id="75.4">ou</w>
    <w id="75.5">Schlendrian</w>
    <time id="T85E" value="00:21:43,939" />
    <time id="T86S" value="00:21:44,189" />
    <w id="75.6">waar</w>
    <w id="75.7">hy</w>
    <w id="75.8">vir</w>
    <w id="75.9">Lieschen</w>
    <w id="75.10">'</w>
    <w id="75.11">n</w>
    <w id="75.12">man</w>
    <w id="75.13">kan</w>
    <w id="75.14">kry</w>
    <time id="T86E" value="00:21:49,698" />
    <time id="T87S" value="00:21:49,948" />
    <w id="75.15">en</w>
    <w id="75.16">Lieschen</w>
    <w id="75.17">maak</w>
    <w id="75.18">stilletjies</w>
    <w id="75.19">bekend</w>
    <w id="75.20">:</w>
    <time id="T87E" value="00:21:55,480" />
  </s>
  <s id="76">
    <time id="T88S" value="00:21:55,730" />
    <w id="76.1">Geen</w>
    <w id="76.2">vryer</w>
    <w id="76.3">kom</w>
    <w id="76.4">in</w>
    <w id="76.5">die</w>
    <w id="76.6">huis</w>
    <w id="76.7">,</w>
    <time id="T88E" value="00:21:59,311" />
    <time id="T89S" value="00:21:59,561" />
    <w id="76.8">tensy</w>
    <w id="76.9">hy</w>
    <w id="76.10">self</w>
    <w id="76.11">beloof</w>
    <w id="76.12">het</w>
    <w id="76.13">en</w>
    <w id="76.14">dit</w>
    <time id="T89E" value="00:22:03,189" />
    <time id="T90S" value="00:22:03,439" />
    <w id="76.15">in</w>
    <w id="76.16">die</w>
    <w id="76.17">huwelikskontrak</w>
    <w id="76.18">staan</w>
    <w id="76.19">dat</w>
    <time id="T90E" value="00:22:07,972" />
    <time id="T91S" value="00:22:08,222" />
    <w id="76.20">ek</w>
    <w id="76.21">altyd</w>
    <w id="76.22">toegelaat</w>
    <w id="76.23">sal</w>
    <w id="76.24">word</w>
    <time id="T91E" value="00:22:13,313" />
    <time id="T92S" value="00:22:13,563" />
    <w id="76.25">om</w>
    <w id="76.26">koffie</w>
    <w id="76.27">te</w>
    <w id="76.28">maak</w>
    <w id="76.29">wanneer</w>
    <w id="76.30">ek</w>
    <w id="76.31">wil</w>
    <w id="76.32">.</w>
    <time id="T92E" value="00:22:21,974" />
  </s>
  <s id="77">
    <time id="T93S" value="00:22:57,091" />
    <w id="77.1">Die</w>
    <w id="77.2">kat</w>
    <w id="77.3">sal</w>
    <w id="77.4">die</w>
    <w id="77.5">muis</w>
    <w id="77.6">nooit</w>
    <w id="77.7">uitlos</w>
    <w id="77.8">nie</w>
    <w id="77.9">en</w>
    <w id="77.10">meisies</w>
    <w id="77.11">het</w>
    <w id="77.12">vir</w>
    <w id="77.13">koffie</w>
    <w id="77.14">'</w>
    <w id="77.15">n</w>
    <w id="77.16">swakheid</w>
    <w id="77.17">.</w>
    <time id="T93E" value="00:23:23,352" />
  </s>
  <s id="78">
    <time id="T94S" value="00:23:29,780" />
    <w id="78.1">Die</w>
    <w id="78.2">ma</w>
    <w id="78.3">'</w>
    <w id="78.4">s</w>
    <w id="78.5">is</w>
    <w id="78.6">versot</w>
    <w id="78.7">op</w>
    <w id="78.8">koffie</w>
    <w id="78.9">,</w>
    <w id="78.10">en</w>
    <w id="78.11">die</w>
    <w id="78.12">oumas</w>
    <w id="78.13">drink</w>
    <w id="78.14">ook</w>
    <w id="78.15">!</w>
    <time id="T94E" value="00:23:39,853" />
  </s>
  <s id="79">
    <time id="T95S" value="00:23:40,353" />
    <w id="79.1">Nou</w>
    <w id="79.2">hoe</w>
    <w id="79.3">kan</w>
    <w id="79.4">mens</w>
    <w id="79.5">die</w>
    <w id="79.6">dogters</w>
    <w id="79.7">belet</w>
    <w id="79.8">?</w>
    <time id="T95E" value="00:23:43,544" />
  </s>
  <s id="80">
    <time id="T96S" value="00:23:43,915" />
    <w id="80.1">Die</w>
    <w id="80.2">ma</w>
    <w id="80.3">'</w>
    <w id="80.4">s</w>
    <w id="80.5">is</w>
    <w id="80.6">versot</w>
    <w id="80.7">op</w>
    <w id="80.8">koffie</w>
    <w id="80.9">,</w>
    <w id="80.10">en</w>
    <w id="80.11">die</w>
    <w id="80.12">oumas</w>
    <w id="80.13">drink</w>
    <w id="80.14">ook</w>
    <w id="80.15">!</w>
    <time id="T96E" value="00:23:49,929" />
  </s>
  <s id="81">
    <time id="T97S" value="00:23:50,313" />
    <w id="81.1">Nou</w>
    <w id="81.2">hoe</w>
    <w id="81.3">kan</w>
    <w id="81.4">mens</w>
    <w id="81.5">die</w>
    <w id="81.6">dogters</w>
    <w id="81.7">belet</w>
    <w id="81.8">?</w>
    <time id="T97E" value="00:24:03,236" />
  </s>
  <s id="82">
    <time id="T98S" value="00:24:34,276" />
    <w id="82.1">Die</w>
    <w id="82.2">kat</w>
    <w id="82.3">sal</w>
    <w id="82.4">die</w>
    <w id="82.5">muis</w>
    <w id="82.6">nooit</w>
    <w id="82.7">uitlos</w>
    <w id="82.8">nie</w>
    <w id="82.9">en</w>
    <w id="82.10">meisies</w>
    <w id="82.11">het</w>
    <w id="82.12">vir</w>
    <w id="82.13">koffie</w>
    <w id="82.14">'</w>
    <w id="82.15">n</w>
    <w id="82.16">swakheid</w>
    <w id="82.17">.</w>
    <time id="T98E" value="00:25:08,310" />
  </s>
  <s id="83">
    <time id="T99S" value="00:25:09,332" />
    <w id="83.1">Die</w>
    <w id="83.2">ma</w>
    <w id="83.3">'</w>
    <w id="83.4">s</w>
    <w id="83.5">is</w>
    <w id="83.6">versot</w>
    <w id="83.7">op</w>
    <w id="83.8">koffie</w>
    <w id="83.9">,</w>
    <w id="83.10">en</w>
    <w id="83.11">die</w>
    <w id="83.12">oumas</w>
    <w id="83.13">drink</w>
    <w id="83.14">ook</w>
    <w id="83.15">!</w>
    <time id="T99E" value="00:25:20,778" />
  </s>
  <s id="84">
    <time id="T100S" value="00:25:21,219" />
    <w id="84.1">Nou</w>
    <w id="84.2">hoe</w>
    <w id="84.3">kan</w>
    <w id="84.4">mens</w>
    <w id="84.5">die</w>
    <w id="84.6">dogters</w>
    <w id="84.7">belet</w>
    <w id="84.8">?</w>
    <time id="T100E" value="00:25:32,099" />
  </s>
  <s id="85">
    <time id="T101S" value="00:26:06,300" />
    <w id="85.1">Die</w>
    <w id="85.2">kat</w>
    <w id="85.3">sal</w>
    <w id="85.4">die</w>
    <w id="85.5">muis</w>
    <w id="85.6">nooit</w>
    <w id="85.7">uitlos</w>
    <w id="85.8">nie</w>
    <w id="85.9">en</w>
    <w id="85.10">meisies</w>
    <w id="85.11">het</w>
    <w id="85.12">vir</w>
    <w id="85.13">koffie</w>
    <w id="85.14">'</w>
    <w id="85.15">n</w>
    <w id="85.16">swakheid</w>
    <w id="85.17">.</w>
    <time id="T101E" value="00:26:33,887" />
  </s>
  <meta>
    <subtitle>
      <cds>1/1</cds>
      <blocks>101</blocks>
      <date>2014-04-18</date>
      <language>Afrikaans</language>
      <confidence>1.0</confidence>
      <duration>00:26:33,887</duration>
    </subtitle>
    <conversion>
      <unknown_words>0</unknown_words>
      <encoding>utf-8</encoding>
      <truecased_words>0</truecased_words>
      <tokens>808</tokens>
      <sentences>85</sentences>
      <ignored_blocks>0</ignored_blocks>
      <corrected_words>0</corrected_words>
    </conversion>
    <source>
    </source>
  </meta>
</document>
