<?xml version="1.0" encoding="utf-8"?>
<document id="5894704">
  <s id="1">
    <time id="T1S" value="00:00:11,869" />
    <w alternative="Mikrokosmos" id="1.1">MIKROKOSMOS</w>
    <time id="T1E" value="00:00:17,265" />
  </s>
  <s id="2">
    <time id="T2S" value="00:03:57,019" />
    <w id="2.1">'</w>
    <w id="2.2">n</w>
    <w id="2.3">Weiveld</w>
    <w id="2.4">in</w>
    <w id="2.5">die</w>
    <w id="2.6">oggend</w>
    <time id="T2E" value="00:03:58,990" />
    <time id="T3S" value="00:03:59,090" />
    <w id="2.7">erens</w>
    <w id="2.8">op</w>
    <w id="2.9">die</w>
    <w id="2.10">wereld</w>
    <time id="T3E" value="00:04:01,680" />
  </s>
  <s id="3">
    <time id="T4S" value="00:04:02,183" />
    <w id="3.1">Hier</w>
    <w id="3.2">verborge</w>
    <w id="3.3">is</w>
    <w id="3.4">'</w>
    <w id="3.5">n</w>
    <w id="3.6">wereld</w>
    <time id="T4E" value="00:04:04,377" />
    <time id="T5S" value="00:04:04,477" />
    <w id="3.7">soos</w>
    <w id="3.8">ons</w>
    <w id="3.9">eie</w>
    <time id="T5E" value="00:04:05,481" />
    <time id="T6S" value="00:04:05,581" />
    <w id="3.10">waar</w>
    <w id="3.11">gras</w>
    <w id="3.12">en</w>
    <w id="3.13">bossies</w>
    <time id="T6E" value="00:04:07,794" />
    <time id="T7S" value="00:04:07,894" />
    <w id="3.14">soos</w>
    <w id="3.15">digte</w>
    <w id="3.16">woude</w>
    <w id="3.17">is</w>
    <time id="T7E" value="00:04:11,176" />
    <time id="T8S" value="00:04:11,607" />
    <w id="3.18">klippe</w>
    <w id="3.19">is</w>
    <w id="3.20">berge</w>
    <time id="T8E" value="00:04:13,729" />
    <time id="T9S" value="00:04:13,837" />
    <w id="3.21">die</w>
    <w id="3.22">kleinste</w>
    <w id="3.23">poeletjie</w>
    <w id="3.24">is</w>
    <w id="3.25">'</w>
    <w id="3.26">n</w>
    <w id="3.27">oseaan</w>
    <time id="T9E" value="00:04:17,003" />
  </s>
  <s id="4">
    <time id="T10S" value="00:04:17,830" />
    <w id="4.1">Tyd</w>
    <w id="4.2">is</w>
    <w id="4.3">anders</w>
    <w id="4.4">hier</w>
    <w id="4.5">,</w>
    <time id="T10E" value="00:04:20,895" />
    <time id="T11S" value="00:04:20,995" />
    <w id="4.6">'</w>
    <w id="4.7">n</w>
    <w id="4.8">uur</w>
    <w id="4.9">is</w>
    <w id="4.10">soos</w>
    <w id="4.11">'</w>
    <w id="4.12">n</w>
    <w id="4.13">dag</w>
    <time id="T11E" value="00:04:23,161" />
    <time id="T12S" value="00:04:23,261" />
    <w id="4.14">'</w>
    <w id="4.15">n</w>
    <w id="4.16">dag</w>
    <w id="4.17">is</w>
    <w id="4.18">soos</w>
    <w id="4.19">'</w>
    <w id="4.20">n</w>
    <w id="4.21">seisoen</w>
    <time id="T12E" value="00:04:25,320" />
    <time id="T13S" value="00:04:25,420" />
    <w id="4.22">en</w>
    <w id="4.23">'</w>
    <w id="4.24">n</w>
    <w id="4.25">seisoen</w>
    <w id="4.26">is</w>
    <w id="4.27">'</w>
    <w id="4.28">n</w>
    <w id="4.29">leeftyd</w>
    <w id="4.30">.</w>
    <time id="T13E" value="00:04:27,794" />
  </s>
  <s id="5">
    <time id="T14S" value="00:04:27,894" />
    <w id="5.1">Maar</w>
    <w id="5.2">om</w>
    <w id="5.3">hierdie</w>
    <w id="5.4">wereld</w>
    <w id="5.5">waar</w>
    <w id="5.6">te</w>
    <w id="5.7">neem</w>
    <w id="5.8">,</w>
    <time id="T14E" value="00:04:30,024" />
    <time id="T15S" value="00:04:30,124" />
    <w id="5.9">moet</w>
    <w id="5.10">ons</w>
    <w id="5.11">nou</w>
    <w id="5.12">stil</w>
    <w id="5.13">wees</w>
    <time id="T15E" value="00:04:31,930" />
    <time id="T16S" value="00:04:32,030" />
    <w id="5.14">en</w>
    <w id="5.15">luister</w>
    <w id="5.16">na</w>
    <w id="5.17">sy</w>
    <w id="5.18">geluide</w>
    <w id="5.19">.</w>
    <time id="T16E" value="00:04:35,527" />
  </s>
  <meta>
    <subtitle>
      <cds>1/1</cds>
      <blocks>16</blocks>
      <date>2014-11-15</date>
      <language>Afrikaans</language>
      <confidence>1.0</confidence>
      <duration>00:04:35,527</duration>
    </subtitle>
    <conversion>
      <unknown_words>0</unknown_words>
      <encoding>utf-8</encoding>
      <truecased_words>1</truecased_words>
      <tokens>87</tokens>
      <sentences>5</sentences>
      <ignored_blocks>0</ignored_blocks>
      <corrected_words>0</corrected_words>
    </conversion>
    <source>
      <country>France, Switzerland, Italy</country>
      <duration>80</duration>
      <year>1996</year>
      <original>French</original>
      <genre>Documentary</genre>
    </source>
  </meta>
</document>
